Copyright 1986-2022 Xilinx, Inc. All Rights Reserved.
---------------------------------------------------------------------------------------------------------------------------------------------------------------------------------------------------------------------------
| Tool Version : Vivado v.2022.2 (win64) Build 3671981 Fri Oct 14 05:00:03 MDT 2022
| Date         : Fri Feb 20 13:30:29 2026
| Host         : Ryans-Laptop running 64-bit major release  (build 9200)
| Command      : report_timing_summary -max_paths 10 -report_unconstrained -file multiplier_timing_summary_routed.rpt -pb multiplier_timing_summary_routed.pb -rpx multiplier_timing_summary_routed.rpx -warn_on_violation
| Design       : multiplier
| Device       : 7s50-csga324
| Speed File   : -1  PRODUCTION 1.23 2018-06-13
---------------------------------------------------------------------------------------------------------------------------------------------------------------------------------------------------------------------------

Timing Summary Report

------------------------------------------------------------------------------------------------
| Timer Settings
| --------------
------------------------------------------------------------------------------------------------

  Enable Multi Corner Analysis               :  Yes
  Enable Pessimism Removal                   :  Yes
  Pessimism Removal Resolution               :  Nearest Common Node
  Enable Input Delay Default Clock           :  No
  Enable Preset / Clear Arcs                 :  No
  Disable Flight Delays                      :  No
  Ignore I/O Paths                           :  No
  Timing Early Launch at Borrowing Latches   :  No
  Borrow Time for Max Delay Exceptions       :  Yes
  Merge Timing Exceptions                    :  Yes

  Corner  Analyze    Analyze    
  Name    Max Paths  Min Paths  
  ------  ---------  ---------  
  Slow    Yes        Yes        
  Fast    Yes        Yes        


------------------------------------------------------------------------------------------------
| Report Methodology
| ------------------
------------------------------------------------------------------------------------------------

Rule       Severity  Description                    Violations  
---------  --------  -----------------------------  ----------  
TIMING-18  Warning   Missing input or output delay  39          

Note: This report is based on the most recent report_methodology run and may not be up-to-date. Run report_methodology on the current design for the latest report.



check_timing report

Table of Contents
-----------------
1. checking no_clock (0)
2. checking constant_clock (0)
3. checking pulse_width_clock (0)
4. checking unconstrained_internal_endpoints (0)
5. checking no_input_delay (10)
6. checking no_output_delay (28)
7. checking multiple_clock (0)
8. checking generated_clocks (0)
9. checking loops (0)
10. checking partial_input_delay (0)
11. checking partial_output_delay (0)
12. checking latch_loops (0)

1. checking no_clock (0)
------------------------
 There are 0 register/latch pins with no clock.


2. checking constant_clock (0)
------------------------------
 There are 0 register/latch pins with constant_clock.


3. checking pulse_width_clock (0)
---------------------------------
 There are 0 register/latch pins which need pulse_width check


4. checking unconstrained_internal_endpoints (0)
------------------------------------------------
 There are 0 pins that are not constrained for maximum delay.

 There are 0 pins that are not constrained for maximum delay due to constant clock.


5. checking no_input_delay (10)
-------------------------------
 There are 10 input ports with no input delay specified. (HIGH)

 There are 0 input ports with no input delay but user has a false path constraint.


6. checking no_output_delay (28)
--------------------------------
 There are 28 ports with no output delay specified. (HIGH)

 There are 0 ports with no output delay but user has a false path constraint

 There are 0 ports with no output delay but with a timing clock defined on it or propagating through it


7. checking multiple_clock (0)
------------------------------
 There are 0 register/latch pins with multiple clocks.


8. checking generated_clocks (0)
--------------------------------
 There are 0 generated clocks that are not connected to a clock source.


9. checking loops (0)
---------------------
 There are 0 combinational loops in the design.


10. checking partial_input_delay (0)
------------------------------------
 There are 0 input ports with partial input delay specified.


11. checking partial_output_delay (0)
-------------------------------------
 There are 0 ports with partial output delay specified.


12. checking latch_loops (0)
----------------------------
 There are 0 combinational latch loops in the design through latch input



------------------------------------------------------------------------------------------------
| Design Timing Summary
| ---------------------
------------------------------------------------------------------------------------------------

    WNS(ns)      TNS(ns)  TNS Failing Endpoints  TNS Total Endpoints      WHS(ns)      THS(ns)  THS Failing Endpoints  THS Total Endpoints     WPWS(ns)     TPWS(ns)  TPWS Failing Endpoints  TPWS Total Endpoints  
    -------      -------  ---------------------  -------------------      -------      -------  ---------------------  -------------------     --------     --------  ----------------------  --------------------  
     14.877        0.000                      0                  604        0.139        0.000                      0                  604        9.500        0.000                       0                   243  


All user specified timing constraints are met.


------------------------------------------------------------------------------------------------
| Clock Summary
| -------------
------------------------------------------------------------------------------------------------

Clock    Waveform(ns)       Period(ns)      Frequency(MHz)
-----    ------------       ----------      --------------
sys_clk  {0.000 10.000}     20.000          50.000          


------------------------------------------------------------------------------------------------
| Intra Clock Table
| -----------------
------------------------------------------------------------------------------------------------

Clock             WNS(ns)      TNS(ns)  TNS Failing Endpoints  TNS Total Endpoints      WHS(ns)      THS(ns)  THS Failing Endpoints  THS Total Endpoints     WPWS(ns)     TPWS(ns)  TPWS Failing Endpoints  TPWS Total Endpoints  
-----             -------      -------  ---------------------  -------------------      -------      -------  ---------------------  -------------------     --------     --------  ----------------------  --------------------  
sys_clk            14.877        0.000                      0                  604        0.139        0.000                      0                  604        9.500        0.000                       0                   243  


------------------------------------------------------------------------------------------------
| Inter Clock Table
| -----------------
------------------------------------------------------------------------------------------------

From Clock    To Clock          WNS(ns)      TNS(ns)  TNS Failing Endpoints  TNS Total Endpoints      WHS(ns)      THS(ns)  THS Failing Endpoints  THS Total Endpoints  
----------    --------          -------      -------  ---------------------  -------------------      -------      -------  ---------------------  -------------------  


------------------------------------------------------------------------------------------------
| Other Path Groups Table
| -----------------------
------------------------------------------------------------------------------------------------

Path Group    From Clock    To Clock          WNS(ns)      TNS(ns)  TNS Failing Endpoints  TNS Total Endpoints      WHS(ns)      THS(ns)  THS Failing Endpoints  THS Total Endpoints  
----------    ----------    --------          -------      -------  ---------------------  -------------------      -------      -------  ---------------------  -------------------  


------------------------------------------------------------------------------------------------
| User Ignored Path Table
| -----------------------
------------------------------------------------------------------------------------------------

Path Group    From Clock    To Clock    
----------    ----------    --------    


------------------------------------------------------------------------------------------------
| Unconstrained Path Table
| ------------------------
------------------------------------------------------------------------------------------------

Path Group    From Clock    To Clock    
----------    ----------    --------    
(none)                                    
(none)        sys_clk                     
(none)                      sys_clk       


------------------------------------------------------------------------------------------------
| Timing Details
| --------------
------------------------------------------------------------------------------------------------


---------------------------------------------------------------------------------------------------
From Clock:  sys_clk
  To Clock:  sys_clk

Setup :            0  Failing Endpoints,  Worst Slack       14.877ns,  Total Violation        0.000ns
Hold  :            0  Failing Endpoints,  Worst Slack        0.139ns,  Total Violation        0.000ns
PW    :            0  Failing Endpoints,  Worst Slack        9.500ns,  Total Violation        0.000ns
---------------------------------------------------------------------------------------------------


Max Delay Paths
--------------------------------------------------------------------------------------
Slack (MET) :             14.877ns  (required time - arrival time)
  Source:                 Aval_reg[0]/C
                            (rising edge-triggered cell FDRE clocked by sys_clk  {rise@0.000ns fall@10.000ns period=20.000ns})
  Destination:            Aval_reg[6]/D
                            (rising edge-triggered cell FDRE clocked by sys_clk  {rise@0.000ns fall@10.000ns period=20.000ns})
  Path Group:             sys_clk
  Path Type:              Setup (Max at Slow Process Corner)
  Requirement:            20.000ns  (sys_clk rise@20.000ns - sys_clk rise@0.000ns)
  Data Path Delay:        5.045ns  (logic 1.432ns (28.386%)  route 3.613ns (71.614%))
  Logic Levels:           4  (LUT5=3 LUT6=1)
  Clock Path Skew:        -0.027ns (DCD - SCD + CPR)
    Destination Clock Delay (DCD):    4.827ns = ( 24.827 - 20.000 ) 
    Source Clock Delay      (SCD):    5.125ns
    Clock Pessimism Removal (CPR):    0.271ns
  Clock Uncertainty:      0.035ns  ((TSJ^2 + TIJ^2)^1/2 + DJ) / 2 + PE
    Total System Jitter     (TSJ):    0.071ns
    Total Input Jitter      (TIJ):    0.000ns
    Discrete Jitter          (DJ):    0.000ns
    Phase Error              (PE):    0.000ns

    Location             Delay type                Incr(ns)  Path(ns)    Netlist Resource(s)
  -------------------------------------------------------------------    -------------------
                         (clock sys_clk rise edge)    0.000     0.000 r  
    N15                                               0.000     0.000 r  clk (IN)
                         net (fo=0)                   0.000     0.000    clk
    N15                  IBUF (Prop_ibuf_I_O)         1.440     1.440 r  clk_IBUF_inst/O
                         net (fo=1, routed)           1.972     3.412    clk_IBUF
    BUFGCTRL_X0Y0        BUFG (Prop_bufg_I_O)         0.096     3.508 r  clk_IBUF_BUFG_inst/O
                         net (fo=242, routed)         1.617     5.125    clk_IBUF_BUFG
    SLICE_X3Y82          FDRE                                         r  Aval_reg[0]/C
  -------------------------------------------------------------------    -------------------
    SLICE_X3Y82          FDRE (Prop_fdre_C_Q)         0.456     5.581 r  Aval_reg[0]/Q
                         net (fo=15, routed)          1.143     6.723    Aval_OBUF[0]
    SLICE_X3Y81          LUT6 (Prop_lut6_I0_O)        0.124     6.847 r  Aval[4]_i_5/O
                         net (fo=4, routed)           0.598     7.445    Aval[4]_i_5_n_0
    SLICE_X3Y80          LUT5 (Prop_lut5_I0_O)        0.150     7.595 r  Aval[7]_i_7/O
                         net (fo=4, routed)           0.856     8.452    Aval[7]_i_7_n_0
    SLICE_X2Y79          LUT5 (Prop_lut5_I1_O)        0.354     8.806 r  Aval[6]_i_2/O
                         net (fo=1, routed)           0.684     9.489    CTRL/Aval_reg[6]
    SLICE_X2Y79          LUT5 (Prop_lut5_I2_O)        0.348     9.837 r  CTRL/Aval[6]_i_1/O
                         net (fo=1, routed)           0.332    10.170    CTRL_n_12
    SLICE_X2Y80          FDRE                                         r  Aval_reg[6]/D
  -------------------------------------------------------------------    -------------------

                         (clock sys_clk rise edge)   20.000    20.000 r  
    N15                                               0.000    20.000 r  clk (IN)
                         net (fo=0)                   0.000    20.000    clk
    N15                  IBUF (Prop_ibuf_I_O)         1.370    21.370 r  clk_IBUF_inst/O
                         net (fo=1, routed)           1.868    23.238    clk_IBUF
    BUFGCTRL_X0Y0        BUFG (Prop_bufg_I_O)         0.091    23.329 r  clk_IBUF_BUFG_inst/O
                         net (fo=242, routed)         1.498    24.827    clk_IBUF_BUFG
    SLICE_X2Y80          FDRE                                         r  Aval_reg[6]/C
                         clock pessimism              0.271    25.098    
                         clock uncertainty           -0.035    25.062    
    SLICE_X2Y80          FDRE (Setup_fdre_C_D)       -0.016    25.046    Aval_reg[6]
  -------------------------------------------------------------------
                         required time                         25.046    
                         arrival time                         -10.170    
  -------------------------------------------------------------------
                         slack                                 14.877    

Slack (MET) :             14.962ns  (required time - arrival time)
  Source:                 CTRL/FSM_onehot_curr_state_reg[4]/C
                            (rising edge-triggered cell FDRE clocked by sys_clk  {rise@0.000ns fall@10.000ns period=20.000ns})
  Destination:            Aval_reg[5]/R
                            (rising edge-triggered cell FDRE clocked by sys_clk  {rise@0.000ns fall@10.000ns period=20.000ns})
  Path Group:             sys_clk
  Path Type:              Setup (Max at Slow Process Corner)
  Requirement:            20.000ns  (sys_clk rise@20.000ns - sys_clk rise@0.000ns)
  Data Path Delay:        4.451ns  (logic 1.116ns (25.075%)  route 3.335ns (74.925%))
  Logic Levels:           3  (LUT2=1 LUT5=1 LUT6=1)
  Clock Path Skew:        -0.028ns (DCD - SCD + CPR)
    Destination Clock Delay (DCD):    4.827ns = ( 24.827 - 20.000 ) 
    Source Clock Delay      (SCD):    5.126ns
    Clock Pessimism Removal (CPR):    0.271ns
  Clock Uncertainty:      0.035ns  ((TSJ^2 + TIJ^2)^1/2 + DJ) / 2 + PE
    Total System Jitter     (TSJ):    0.071ns
    Total Input Jitter      (TIJ):    0.000ns
    Discrete Jitter          (DJ):    0.000ns
    Phase Error              (PE):    0.000ns

    Location             Delay type                Incr(ns)  Path(ns)    Netlist Resource(s)
  -------------------------------------------------------------------    -------------------
                         (clock sys_clk rise edge)    0.000     0.000 r  
    N15                                               0.000     0.000 r  clk (IN)
                         net (fo=0)                   0.000     0.000    clk
    N15                  IBUF (Prop_ibuf_I_O)         1.440     1.440 r  clk_IBUF_inst/O
                         net (fo=1, routed)           1.972     3.412    clk_IBUF
    BUFGCTRL_X0Y0        BUFG (Prop_bufg_I_O)         0.096     3.508 r  clk_IBUF_BUFG_inst/O
                         net (fo=242, routed)         1.618     5.126    CTRL/clk_IBUF_BUFG
    SLICE_X2Y83          FDRE                                         r  CTRL/FSM_onehot_curr_state_reg[4]/C
  -------------------------------------------------------------------    -------------------
    SLICE_X2Y83          FDRE (Prop_fdre_C_Q)         0.518     5.644 r  CTRL/FSM_onehot_curr_state_reg[4]/Q
                         net (fo=15, routed)          1.514     7.158    CTRL/add
    SLICE_X2Y79          LUT2 (Prop_lut2_I0_O)        0.146     7.304 r  CTRL/Aval[7]_i_4/O
                         net (fo=2, routed)           0.602     7.906    CTRL/Aval[7]_i_4_n_0
    SLICE_X2Y84          LUT6 (Prop_lut6_I2_O)        0.328     8.234 r  CTRL/Aval[7]_i_2/O
                         net (fo=11, routed)          0.207     8.441    CTRL/A_new
    SLICE_X2Y84          LUT5 (Prop_lut5_I0_O)        0.124     8.565 r  CTRL/Aval[7]_i_1/O
                         net (fo=9, routed)           1.012     9.577    CTRL_n_8
    SLICE_X2Y80          FDRE                                         r  Aval_reg[5]/R
  -------------------------------------------------------------------    -------------------

                         (clock sys_clk rise edge)   20.000    20.000 r  
    N15                                               0.000    20.000 r  clk (IN)
                         net (fo=0)                   0.000    20.000    clk
    N15                  IBUF (Prop_ibuf_I_O)         1.370    21.370 r  clk_IBUF_inst/O
                         net (fo=1, routed)           1.868    23.238    clk_IBUF
    BUFGCTRL_X0Y0        BUFG (Prop_bufg_I_O)         0.091    23.329 r  clk_IBUF_BUFG_inst/O
                         net (fo=242, routed)         1.498    24.827    clk_IBUF_BUFG
    SLICE_X2Y80          FDRE                                         r  Aval_reg[5]/C
                         clock pessimism              0.271    25.098    
                         clock uncertainty           -0.035    25.062    
    SLICE_X2Y80          FDRE (Setup_fdre_C_R)       -0.524    24.538    Aval_reg[5]
  -------------------------------------------------------------------
                         required time                         24.538    
                         arrival time                          -9.577    
  -------------------------------------------------------------------
                         slack                                 14.962    

Slack (MET) :             14.962ns  (required time - arrival time)
  Source:                 CTRL/FSM_onehot_curr_state_reg[4]/C
                            (rising edge-triggered cell FDRE clocked by sys_clk  {rise@0.000ns fall@10.000ns period=20.000ns})
  Destination:            Aval_reg[6]/R
                            (rising edge-triggered cell FDRE clocked by sys_clk  {rise@0.000ns fall@10.000ns period=20.000ns})
  Path Group:             sys_clk
  Path Type:              Setup (Max at Slow Process Corner)
  Requirement:            20.000ns  (sys_clk rise@20.000ns - sys_clk rise@0.000ns)
  Data Path Delay:        4.451ns  (logic 1.116ns (25.075%)  route 3.335ns (74.925%))
  Logic Levels:           3  (LUT2=1 LUT5=1 LUT6=1)
  Clock Path Skew:        -0.028ns (DCD - SCD + CPR)
    Destination Clock Delay (DCD):    4.827ns = ( 24.827 - 20.000 ) 
    Source Clock Delay      (SCD):    5.126ns
    Clock Pessimism Removal (CPR):    0.271ns
  Clock Uncertainty:      0.035ns  ((TSJ^2 + TIJ^2)^1/2 + DJ) / 2 + PE
    Total System Jitter     (TSJ):    0.071ns
    Total Input Jitter      (TIJ):    0.000ns
    Discrete Jitter          (DJ):    0.000ns
    Phase Error              (PE):    0.000ns

    Location             Delay type                Incr(ns)  Path(ns)    Netlist Resource(s)
  -------------------------------------------------------------------    -------------------
                         (clock sys_clk rise edge)    0.000     0.000 r  
    N15                                               0.000     0.000 r  clk (IN)
                         net (fo=0)                   0.000     0.000    clk
    N15                  IBUF (Prop_ibuf_I_O)         1.440     1.440 r  clk_IBUF_inst/O
                         net (fo=1, routed)           1.972     3.412    clk_IBUF
    BUFGCTRL_X0Y0        BUFG (Prop_bufg_I_O)         0.096     3.508 r  clk_IBUF_BUFG_inst/O
                         net (fo=242, routed)         1.618     5.126    CTRL/clk_IBUF_BUFG
    SLICE_X2Y83          FDRE                                         r  CTRL/FSM_onehot_curr_state_reg[4]/C
  -------------------------------------------------------------------    -------------------
    SLICE_X2Y83          FDRE (Prop_fdre_C_Q)         0.518     5.644 r  CTRL/FSM_onehot_curr_state_reg[4]/Q
                         net (fo=15, routed)          1.514     7.158    CTRL/add
    SLICE_X2Y79          LUT2 (Prop_lut2_I0_O)        0.146     7.304 r  CTRL/Aval[7]_i_4/O
                         net (fo=2, routed)           0.602     7.906    CTRL/Aval[7]_i_4_n_0
    SLICE_X2Y84          LUT6 (Prop_lut6_I2_O)        0.328     8.234 r  CTRL/Aval[7]_i_2/O
                         net (fo=11, routed)          0.207     8.441    CTRL/A_new
    SLICE_X2Y84          LUT5 (Prop_lut5_I0_O)        0.124     8.565 r  CTRL/Aval[7]_i_1/O
                         net (fo=9, routed)           1.012     9.577    CTRL_n_8
    SLICE_X2Y80          FDRE                                         r  Aval_reg[6]/R
  -------------------------------------------------------------------    -------------------

                         (clock sys_clk rise edge)   20.000    20.000 r  
    N15                                               0.000    20.000 r  clk (IN)
                         net (fo=0)                   0.000    20.000    clk
    N15                  IBUF (Prop_ibuf_I_O)         1.370    21.370 r  clk_IBUF_inst/O
                         net (fo=1, routed)           1.868    23.238    clk_IBUF
    BUFGCTRL_X0Y0        BUFG (Prop_bufg_I_O)         0.091    23.329 r  clk_IBUF_BUFG_inst/O
                         net (fo=242, routed)         1.498    24.827    clk_IBUF_BUFG
    SLICE_X2Y80          FDRE                                         r  Aval_reg[6]/C
                         clock pessimism              0.271    25.098    
                         clock uncertainty           -0.035    25.062    
    SLICE_X2Y80          FDRE (Setup_fdre_C_R)       -0.524    24.538    Aval_reg[6]
  -------------------------------------------------------------------
                         required time                         24.538    
                         arrival time                          -9.577    
  -------------------------------------------------------------------
                         slack                                 14.962    

Slack (MET) :             14.962ns  (required time - arrival time)
  Source:                 CTRL/FSM_onehot_curr_state_reg[4]/C
                            (rising edge-triggered cell FDRE clocked by sys_clk  {rise@0.000ns fall@10.000ns period=20.000ns})
  Destination:            Xval_reg/R
                            (rising edge-triggered cell FDRE clocked by sys_clk  {rise@0.000ns fall@10.000ns period=20.000ns})
  Path Group:             sys_clk
  Path Type:              Setup (Max at Slow Process Corner)
  Requirement:            20.000ns  (sys_clk rise@20.000ns - sys_clk rise@0.000ns)
  Data Path Delay:        4.451ns  (logic 1.116ns (25.075%)  route 3.335ns (74.925%))
  Logic Levels:           3  (LUT2=1 LUT5=1 LUT6=1)
  Clock Path Skew:        -0.028ns (DCD - SCD + CPR)
    Destination Clock Delay (DCD):    4.827ns = ( 24.827 - 20.000 ) 
    Source Clock Delay      (SCD):    5.126ns
    Clock Pessimism Removal (CPR):    0.271ns
  Clock Uncertainty:      0.035ns  ((TSJ^2 + TIJ^2)^1/2 + DJ) / 2 + PE
    Total System Jitter     (TSJ):    0.071ns
    Total Input Jitter      (TIJ):    0.000ns
    Discrete Jitter          (DJ):    0.000ns
    Phase Error              (PE):    0.000ns

    Location             Delay type                Incr(ns)  Path(ns)    Netlist Resource(s)
  -------------------------------------------------------------------    -------------------
                         (clock sys_clk rise edge)    0.000     0.000 r  
    N15                                               0.000     0.000 r  clk (IN)
                         net (fo=0)                   0.000     0.000    clk
    N15                  IBUF (Prop_ibuf_I_O)         1.440     1.440 r  clk_IBUF_inst/O
                         net (fo=1, routed)           1.972     3.412    clk_IBUF
    BUFGCTRL_X0Y0        BUFG (Prop_bufg_I_O)         0.096     3.508 r  clk_IBUF_BUFG_inst/O
                         net (fo=242, routed)         1.618     5.126    CTRL/clk_IBUF_BUFG
    SLICE_X2Y83          FDRE                                         r  CTRL/FSM_onehot_curr_state_reg[4]/C
  -------------------------------------------------------------------    -------------------
    SLICE_X2Y83          FDRE (Prop_fdre_C_Q)         0.518     5.644 r  CTRL/FSM_onehot_curr_state_reg[4]/Q
                         net (fo=15, routed)          1.514     7.158    CTRL/add
    SLICE_X2Y79          LUT2 (Prop_lut2_I0_O)        0.146     7.304 r  CTRL/Aval[7]_i_4/O
                         net (fo=2, routed)           0.602     7.906    CTRL/Aval[7]_i_4_n_0
    SLICE_X2Y84          LUT6 (Prop_lut6_I2_O)        0.328     8.234 r  CTRL/Aval[7]_i_2/O
                         net (fo=11, routed)          0.207     8.441    CTRL/A_new
    SLICE_X2Y84          LUT5 (Prop_lut5_I0_O)        0.124     8.565 r  CTRL/Aval[7]_i_1/O
                         net (fo=9, routed)           1.012     9.577    CTRL_n_8
    SLICE_X2Y80          FDRE                                         r  Xval_reg/R
  -------------------------------------------------------------------    -------------------

                         (clock sys_clk rise edge)   20.000    20.000 r  
    N15                                               0.000    20.000 r  clk (IN)
                         net (fo=0)                   0.000    20.000    clk
    N15                  IBUF (Prop_ibuf_I_O)         1.370    21.370 r  clk_IBUF_inst/O
                         net (fo=1, routed)           1.868    23.238    clk_IBUF
    BUFGCTRL_X0Y0        BUFG (Prop_bufg_I_O)         0.091    23.329 r  clk_IBUF_BUFG_inst/O
                         net (fo=242, routed)         1.498    24.827    clk_IBUF_BUFG
    SLICE_X2Y80          FDRE                                         r  Xval_reg/C
                         clock pessimism              0.271    25.098    
                         clock uncertainty           -0.035    25.062    
    SLICE_X2Y80          FDRE (Setup_fdre_C_R)       -0.524    24.538    Xval_reg
  -------------------------------------------------------------------
                         required time                         24.538    
                         arrival time                          -9.577    
  -------------------------------------------------------------------
                         slack                                 14.962    

Slack (MET) :             15.025ns  (required time - arrival time)
  Source:                 CTRL/FSM_onehot_curr_state_reg[4]/C
                            (rising edge-triggered cell FDRE clocked by sys_clk  {rise@0.000ns fall@10.000ns period=20.000ns})
  Destination:            Aval_reg[3]/R
                            (rising edge-triggered cell FDRE clocked by sys_clk  {rise@0.000ns fall@10.000ns period=20.000ns})
  Path Group:             sys_clk
  Path Type:              Setup (Max at Slow Process Corner)
  Requirement:            20.000ns  (sys_clk rise@20.000ns - sys_clk rise@0.000ns)
  Data Path Delay:        4.467ns  (logic 1.116ns (24.986%)  route 3.351ns (75.014%))
  Logic Levels:           3  (LUT2=1 LUT5=1 LUT6=1)
  Clock Path Skew:        -0.044ns (DCD - SCD + CPR)
    Destination Clock Delay (DCD):    4.825ns = ( 24.825 - 20.000 ) 
    Source Clock Delay      (SCD):    5.126ns
    Clock Pessimism Removal (CPR):    0.257ns
  Clock Uncertainty:      0.035ns  ((TSJ^2 + TIJ^2)^1/2 + DJ) / 2 + PE
    Total System Jitter     (TSJ):    0.071ns
    Total Input Jitter      (TIJ):    0.000ns
    Discrete Jitter          (DJ):    0.000ns
    Phase Error              (PE):    0.000ns

    Location             Delay type                Incr(ns)  Path(ns)    Netlist Resource(s)
  -------------------------------------------------------------------    -------------------
                         (clock sys_clk rise edge)    0.000     0.000 r  
    N15                                               0.000     0.000 r  clk (IN)
                         net (fo=0)                   0.000     0.000    clk
    N15                  IBUF (Prop_ibuf_I_O)         1.440     1.440 r  clk_IBUF_inst/O
                         net (fo=1, routed)           1.972     3.412    clk_IBUF
    BUFGCTRL_X0Y0        BUFG (Prop_bufg_I_O)         0.096     3.508 r  clk_IBUF_BUFG_inst/O
                         net (fo=242, routed)         1.618     5.126    CTRL/clk_IBUF_BUFG
    SLICE_X2Y83          FDRE                                         r  CTRL/FSM_onehot_curr_state_reg[4]/C
  -------------------------------------------------------------------    -------------------
    SLICE_X2Y83          FDRE (Prop_fdre_C_Q)         0.518     5.644 r  CTRL/FSM_onehot_curr_state_reg[4]/Q
                         net (fo=15, routed)          1.514     7.158    CTRL/add
    SLICE_X2Y79          LUT2 (Prop_lut2_I0_O)        0.146     7.304 r  CTRL/Aval[7]_i_4/O
                         net (fo=2, routed)           0.602     7.906    CTRL/Aval[7]_i_4_n_0
    SLICE_X2Y84          LUT6 (Prop_lut6_I2_O)        0.328     8.234 r  CTRL/Aval[7]_i_2/O
                         net (fo=11, routed)          0.207     8.441    CTRL/A_new
    SLICE_X2Y84          LUT5 (Prop_lut5_I0_O)        0.124     8.565 r  CTRL/Aval[7]_i_1/O
                         net (fo=9, routed)           1.028     9.592    CTRL_n_8
    SLICE_X4Y80          FDRE                                         r  Aval_reg[3]/R
  -------------------------------------------------------------------    -------------------

                         (clock sys_clk rise edge)   20.000    20.000 r  
    N15                                               0.000    20.000 r  clk (IN)
                         net (fo=0)                   0.000    20.000    clk
    N15                  IBUF (Prop_ibuf_I_O)         1.370    21.370 r  clk_IBUF_inst/O
                         net (fo=1, routed)           1.868    23.238    clk_IBUF
    BUFGCTRL_X0Y0        BUFG (Prop_bufg_I_O)         0.091    23.329 r  clk_IBUF_BUFG_inst/O
                         net (fo=242, routed)         1.496    24.825    clk_IBUF_BUFG
    SLICE_X4Y80          FDRE                                         r  Aval_reg[3]/C
                         clock pessimism              0.257    25.082    
                         clock uncertainty           -0.035    25.046    
    SLICE_X4Y80          FDRE (Setup_fdre_C_R)       -0.429    24.617    Aval_reg[3]
  -------------------------------------------------------------------
                         required time                         24.617    
                         arrival time                          -9.592    
  -------------------------------------------------------------------
                         slack                                 15.025    

Slack (MET) :             15.057ns  (required time - arrival time)
  Source:                 CTRL/FSM_onehot_curr_state_reg[4]/C
                            (rising edge-triggered cell FDRE clocked by sys_clk  {rise@0.000ns fall@10.000ns period=20.000ns})
  Destination:            Aval_reg[4]/R
                            (rising edge-triggered cell FDRE clocked by sys_clk  {rise@0.000ns fall@10.000ns period=20.000ns})
  Path Group:             sys_clk
  Path Type:              Setup (Max at Slow Process Corner)
  Requirement:            20.000ns  (sys_clk rise@20.000ns - sys_clk rise@0.000ns)
  Data Path Delay:        4.451ns  (logic 1.116ns (25.075%)  route 3.335ns (74.925%))
  Logic Levels:           3  (LUT2=1 LUT5=1 LUT6=1)
  Clock Path Skew:        -0.028ns (DCD - SCD + CPR)
    Destination Clock Delay (DCD):    4.827ns = ( 24.827 - 20.000 ) 
    Source Clock Delay      (SCD):    5.126ns
    Clock Pessimism Removal (CPR):    0.271ns
  Clock Uncertainty:      0.035ns  ((TSJ^2 + TIJ^2)^1/2 + DJ) / 2 + PE
    Total System Jitter     (TSJ):    0.071ns
    Total Input Jitter      (TIJ):    0.000ns
    Discrete Jitter          (DJ):    0.000ns
    Phase Error              (PE):    0.000ns

    Location             Delay type                Incr(ns)  Path(ns)    Netlist Resource(s)
  -------------------------------------------------------------------    -------------------
                         (clock sys_clk rise edge)    0.000     0.000 r  
    N15                                               0.000     0.000 r  clk (IN)
                         net (fo=0)                   0.000     0.000    clk
    N15                  IBUF (Prop_ibuf_I_O)         1.440     1.440 r  clk_IBUF_inst/O
                         net (fo=1, routed)           1.972     3.412    clk_IBUF
    BUFGCTRL_X0Y0        BUFG (Prop_bufg_I_O)         0.096     3.508 r  clk_IBUF_BUFG_inst/O
                         net (fo=242, routed)         1.618     5.126    CTRL/clk_IBUF_BUFG
    SLICE_X2Y83          FDRE                                         r  CTRL/FSM_onehot_curr_state_reg[4]/C
  -------------------------------------------------------------------    -------------------
    SLICE_X2Y83          FDRE (Prop_fdre_C_Q)         0.518     5.644 r  CTRL/FSM_onehot_curr_state_reg[4]/Q
                         net (fo=15, routed)          1.514     7.158    CTRL/add
    SLICE_X2Y79          LUT2 (Prop_lut2_I0_O)        0.146     7.304 r  CTRL/Aval[7]_i_4/O
                         net (fo=2, routed)           0.602     7.906    CTRL/Aval[7]_i_4_n_0
    SLICE_X2Y84          LUT6 (Prop_lut6_I2_O)        0.328     8.234 r  CTRL/Aval[7]_i_2/O
                         net (fo=11, routed)          0.207     8.441    CTRL/A_new
    SLICE_X2Y84          LUT5 (Prop_lut5_I0_O)        0.124     8.565 r  CTRL/Aval[7]_i_1/O
                         net (fo=9, routed)           1.012     9.577    CTRL_n_8
    SLICE_X3Y80          FDRE                                         r  Aval_reg[4]/R
  -------------------------------------------------------------------    -------------------

                         (clock sys_clk rise edge)   20.000    20.000 r  
    N15                                               0.000    20.000 r  clk (IN)
                         net (fo=0)                   0.000    20.000    clk
    N15                  IBUF (Prop_ibuf_I_O)         1.370    21.370 r  clk_IBUF_inst/O
                         net (fo=1, routed)           1.868    23.238    clk_IBUF
    BUFGCTRL_X0Y0        BUFG (Prop_bufg_I_O)         0.091    23.329 r  clk_IBUF_BUFG_inst/O
                         net (fo=242, routed)         1.498    24.827    clk_IBUF_BUFG
    SLICE_X3Y80          FDRE                                         r  Aval_reg[4]/C
                         clock pessimism              0.271    25.098    
                         clock uncertainty           -0.035    25.062    
    SLICE_X3Y80          FDRE (Setup_fdre_C_R)       -0.429    24.633    Aval_reg[4]
  -------------------------------------------------------------------
                         required time                         24.633    
                         arrival time                          -9.577    
  -------------------------------------------------------------------
                         slack                                 15.057    

Slack (MET) :             15.112ns  (required time - arrival time)
  Source:                 CTRL/FSM_onehot_curr_state_reg[4]/C
                            (rising edge-triggered cell FDRE clocked by sys_clk  {rise@0.000ns fall@10.000ns period=20.000ns})
  Destination:            Aval_reg[7]/R
                            (rising edge-triggered cell FDRE clocked by sys_clk  {rise@0.000ns fall@10.000ns period=20.000ns})
  Path Group:             sys_clk
  Path Type:              Setup (Max at Slow Process Corner)
  Requirement:            20.000ns  (sys_clk rise@20.000ns - sys_clk rise@0.000ns)
  Data Path Delay:        4.301ns  (logic 1.116ns (25.945%)  route 3.185ns (74.055%))
  Logic Levels:           3  (LUT2=1 LUT5=1 LUT6=1)
  Clock Path Skew:        -0.027ns (DCD - SCD + CPR)
    Destination Clock Delay (DCD):    4.828ns = ( 24.828 - 20.000 ) 
    Source Clock Delay      (SCD):    5.126ns
    Clock Pessimism Removal (CPR):    0.271ns
  Clock Uncertainty:      0.035ns  ((TSJ^2 + TIJ^2)^1/2 + DJ) / 2 + PE
    Total System Jitter     (TSJ):    0.071ns
    Total Input Jitter      (TIJ):    0.000ns
    Discrete Jitter          (DJ):    0.000ns
    Phase Error              (PE):    0.000ns

    Location             Delay type                Incr(ns)  Path(ns)    Netlist Resource(s)
  -------------------------------------------------------------------    -------------------
                         (clock sys_clk rise edge)    0.000     0.000 r  
    N15                                               0.000     0.000 r  clk (IN)
                         net (fo=0)                   0.000     0.000    clk
    N15                  IBUF (Prop_ibuf_I_O)         1.440     1.440 r  clk_IBUF_inst/O
                         net (fo=1, routed)           1.972     3.412    clk_IBUF
    BUFGCTRL_X0Y0        BUFG (Prop_bufg_I_O)         0.096     3.508 r  clk_IBUF_BUFG_inst/O
                         net (fo=242, routed)         1.618     5.126    CTRL/clk_IBUF_BUFG
    SLICE_X2Y83          FDRE                                         r  CTRL/FSM_onehot_curr_state_reg[4]/C
  -------------------------------------------------------------------    -------------------
    SLICE_X2Y83          FDRE (Prop_fdre_C_Q)         0.518     5.644 r  CTRL/FSM_onehot_curr_state_reg[4]/Q
                         net (fo=15, routed)          1.514     7.158    CTRL/add
    SLICE_X2Y79          LUT2 (Prop_lut2_I0_O)        0.146     7.304 r  CTRL/Aval[7]_i_4/O
                         net (fo=2, routed)           0.602     7.906    CTRL/Aval[7]_i_4_n_0
    SLICE_X2Y84          LUT6 (Prop_lut6_I2_O)        0.328     8.234 r  CTRL/Aval[7]_i_2/O
                         net (fo=11, routed)          0.207     8.441    CTRL/A_new
    SLICE_X2Y84          LUT5 (Prop_lut5_I0_O)        0.124     8.565 r  CTRL/Aval[7]_i_1/O
                         net (fo=9, routed)           0.863     9.427    CTRL_n_8
    SLICE_X2Y81          FDRE                                         r  Aval_reg[7]/R
  -------------------------------------------------------------------    -------------------

                         (clock sys_clk rise edge)   20.000    20.000 r  
    N15                                               0.000    20.000 r  clk (IN)
                         net (fo=0)                   0.000    20.000    clk
    N15                  IBUF (Prop_ibuf_I_O)         1.370    21.370 r  clk_IBUF_inst/O
                         net (fo=1, routed)           1.868    23.238    clk_IBUF
    BUFGCTRL_X0Y0        BUFG (Prop_bufg_I_O)         0.091    23.329 r  clk_IBUF_BUFG_inst/O
                         net (fo=242, routed)         1.499    24.828    clk_IBUF_BUFG
    SLICE_X2Y81          FDRE                                         r  Aval_reg[7]/C
                         clock pessimism              0.271    25.099    
                         clock uncertainty           -0.035    25.063    
    SLICE_X2Y81          FDRE (Setup_fdre_C_R)       -0.524    24.539    Aval_reg[7]
  -------------------------------------------------------------------
                         required time                         24.539    
                         arrival time                          -9.427    
  -------------------------------------------------------------------
                         slack                                 15.112    

Slack (MET) :             15.186ns  (required time - arrival time)
  Source:                 CTRL/FSM_onehot_curr_state_reg[4]/C
                            (rising edge-triggered cell FDRE clocked by sys_clk  {rise@0.000ns fall@10.000ns period=20.000ns})
  Destination:            Aval_reg[2]/R
                            (rising edge-triggered cell FDRE clocked by sys_clk  {rise@0.000ns fall@10.000ns period=20.000ns})
  Path Group:             sys_clk
  Path Type:              Setup (Max at Slow Process Corner)
  Requirement:            20.000ns  (sys_clk rise@20.000ns - sys_clk rise@0.000ns)
  Data Path Delay:        4.307ns  (logic 1.116ns (25.912%)  route 3.191ns (74.088%))
  Logic Levels:           3  (LUT2=1 LUT5=1 LUT6=1)
  Clock Path Skew:        -0.043ns (DCD - SCD + CPR)
    Destination Clock Delay (DCD):    4.826ns = ( 24.826 - 20.000 ) 
    Source Clock Delay      (SCD):    5.126ns
    Clock Pessimism Removal (CPR):    0.257ns
  Clock Uncertainty:      0.035ns  ((TSJ^2 + TIJ^2)^1/2 + DJ) / 2 + PE
    Total System Jitter     (TSJ):    0.071ns
    Total Input Jitter      (TIJ):    0.000ns
    Discrete Jitter          (DJ):    0.000ns
    Phase Error              (PE):    0.000ns

    Location             Delay type                Incr(ns)  Path(ns)    Netlist Resource(s)
  -------------------------------------------------------------------    -------------------
                         (clock sys_clk rise edge)    0.000     0.000 r  
    N15                                               0.000     0.000 r  clk (IN)
                         net (fo=0)                   0.000     0.000    clk
    N15                  IBUF (Prop_ibuf_I_O)         1.440     1.440 r  clk_IBUF_inst/O
                         net (fo=1, routed)           1.972     3.412    clk_IBUF
    BUFGCTRL_X0Y0        BUFG (Prop_bufg_I_O)         0.096     3.508 r  clk_IBUF_BUFG_inst/O
                         net (fo=242, routed)         1.618     5.126    CTRL/clk_IBUF_BUFG
    SLICE_X2Y83          FDRE                                         r  CTRL/FSM_onehot_curr_state_reg[4]/C
  -------------------------------------------------------------------    -------------------
    SLICE_X2Y83          FDRE (Prop_fdre_C_Q)         0.518     5.644 r  CTRL/FSM_onehot_curr_state_reg[4]/Q
                         net (fo=15, routed)          1.514     7.158    CTRL/add
    SLICE_X2Y79          LUT2 (Prop_lut2_I0_O)        0.146     7.304 r  CTRL/Aval[7]_i_4/O
                         net (fo=2, routed)           0.602     7.906    CTRL/Aval[7]_i_4_n_0
    SLICE_X2Y84          LUT6 (Prop_lut6_I2_O)        0.328     8.234 r  CTRL/Aval[7]_i_2/O
                         net (fo=11, routed)          0.207     8.441    CTRL/A_new
    SLICE_X2Y84          LUT5 (Prop_lut5_I0_O)        0.124     8.565 r  CTRL/Aval[7]_i_1/O
                         net (fo=9, routed)           0.868     9.433    CTRL_n_8
    SLICE_X4Y81          FDRE                                         r  Aval_reg[2]/R
  -------------------------------------------------------------------    -------------------

                         (clock sys_clk rise edge)   20.000    20.000 r  
    N15                                               0.000    20.000 r  clk (IN)
                         net (fo=0)                   0.000    20.000    clk
    N15                  IBUF (Prop_ibuf_I_O)         1.370    21.370 r  clk_IBUF_inst/O
                         net (fo=1, routed)           1.868    23.238    clk_IBUF
    BUFGCTRL_X0Y0        BUFG (Prop_bufg_I_O)         0.091    23.329 r  clk_IBUF_BUFG_inst/O
                         net (fo=242, routed)         1.497    24.826    clk_IBUF_BUFG
    SLICE_X4Y81          FDRE                                         r  Aval_reg[2]/C
                         clock pessimism              0.257    25.083    
                         clock uncertainty           -0.035    25.047    
    SLICE_X4Y81          FDRE (Setup_fdre_C_R)       -0.429    24.618    Aval_reg[2]
  -------------------------------------------------------------------
                         required time                         24.618    
                         arrival time                          -9.433    
  -------------------------------------------------------------------
                         slack                                 15.186    

Slack (MET) :             15.369ns  (required time - arrival time)
  Source:                 CTRL/FSM_onehot_curr_state_reg[4]/C
                            (rising edge-triggered cell FDRE clocked by sys_clk  {rise@0.000ns fall@10.000ns period=20.000ns})
  Destination:            Aval_reg[0]/R
                            (rising edge-triggered cell FDRE clocked by sys_clk  {rise@0.000ns fall@10.000ns period=20.000ns})
  Path Group:             sys_clk
  Path Type:              Setup (Max at Slow Process Corner)
  Requirement:            20.000ns  (sys_clk rise@20.000ns - sys_clk rise@0.000ns)
  Data Path Delay:        4.142ns  (logic 1.116ns (26.945%)  route 3.026ns (73.055%))
  Logic Levels:           3  (LUT2=1 LUT5=1 LUT6=1)
  Clock Path Skew:        -0.025ns (DCD - SCD + CPR)
    Destination Clock Delay (DCD):    4.830ns = ( 24.830 - 20.000 ) 
    Source Clock Delay      (SCD):    5.126ns
    Clock Pessimism Removal (CPR):    0.271ns
  Clock Uncertainty:      0.035ns  ((TSJ^2 + TIJ^2)^1/2 + DJ) / 2 + PE
    Total System Jitter     (TSJ):    0.071ns
    Total Input Jitter      (TIJ):    0.000ns
    Discrete Jitter          (DJ):    0.000ns
    Phase Error              (PE):    0.000ns

    Location             Delay type                Incr(ns)  Path(ns)    Netlist Resource(s)
  -------------------------------------------------------------------    -------------------
                         (clock sys_clk rise edge)    0.000     0.000 r  
    N15                                               0.000     0.000 r  clk (IN)
                         net (fo=0)                   0.000     0.000    clk
    N15                  IBUF (Prop_ibuf_I_O)         1.440     1.440 r  clk_IBUF_inst/O
                         net (fo=1, routed)           1.972     3.412    clk_IBUF
    BUFGCTRL_X0Y0        BUFG (Prop_bufg_I_O)         0.096     3.508 r  clk_IBUF_BUFG_inst/O
                         net (fo=242, routed)         1.618     5.126    CTRL/clk_IBUF_BUFG
    SLICE_X2Y83          FDRE                                         r  CTRL/FSM_onehot_curr_state_reg[4]/C
  -------------------------------------------------------------------    -------------------
    SLICE_X2Y83          FDRE (Prop_fdre_C_Q)         0.518     5.644 r  CTRL/FSM_onehot_curr_state_reg[4]/Q
                         net (fo=15, routed)          1.514     7.158    CTRL/add
    SLICE_X2Y79          LUT2 (Prop_lut2_I0_O)        0.146     7.304 r  CTRL/Aval[7]_i_4/O
                         net (fo=2, routed)           0.602     7.906    CTRL/Aval[7]_i_4_n_0
    SLICE_X2Y84          LUT6 (Prop_lut6_I2_O)        0.328     8.234 r  CTRL/Aval[7]_i_2/O
                         net (fo=11, routed)          0.207     8.441    CTRL/A_new
    SLICE_X2Y84          LUT5 (Prop_lut5_I0_O)        0.124     8.565 r  CTRL/Aval[7]_i_1/O
                         net (fo=9, routed)           0.703     9.268    CTRL_n_8
    SLICE_X3Y82          FDRE                                         r  Aval_reg[0]/R
  -------------------------------------------------------------------    -------------------

                         (clock sys_clk rise edge)   20.000    20.000 r  
    N15                                               0.000    20.000 r  clk (IN)
                         net (fo=0)                   0.000    20.000    clk
    N15                  IBUF (Prop_ibuf_I_O)         1.370    21.370 r  clk_IBUF_inst/O
                         net (fo=1, routed)           1.868    23.238    clk_IBUF
    BUFGCTRL_X0Y0        BUFG (Prop_bufg_I_O)         0.091    23.329 r  clk_IBUF_BUFG_inst/O
                         net (fo=242, routed)         1.501    24.830    clk_IBUF_BUFG
    SLICE_X3Y82          FDRE                                         r  Aval_reg[0]/C
                         clock pessimism              0.271    25.101    
                         clock uncertainty           -0.035    25.065    
    SLICE_X3Y82          FDRE (Setup_fdre_C_R)       -0.429    24.636    Aval_reg[0]
  -------------------------------------------------------------------
                         required time                         24.636    
                         arrival time                          -9.268    
  -------------------------------------------------------------------
                         slack                                 15.369    

Slack (MET) :             15.369ns  (required time - arrival time)
  Source:                 CTRL/FSM_onehot_curr_state_reg[4]/C
                            (rising edge-triggered cell FDRE clocked by sys_clk  {rise@0.000ns fall@10.000ns period=20.000ns})
  Destination:            Aval_reg[1]/R
                            (rising edge-triggered cell FDRE clocked by sys_clk  {rise@0.000ns fall@10.000ns period=20.000ns})
  Path Group:             sys_clk
  Path Type:              Setup (Max at Slow Process Corner)
  Requirement:            20.000ns  (sys_clk rise@20.000ns - sys_clk rise@0.000ns)
  Data Path Delay:        4.142ns  (logic 1.116ns (26.945%)  route 3.026ns (73.055%))
  Logic Levels:           3  (LUT2=1 LUT5=1 LUT6=1)
  Clock Path Skew:        -0.025ns (DCD - SCD + CPR)
    Destination Clock Delay (DCD):    4.830ns = ( 24.830 - 20.000 ) 
    Source Clock Delay      (SCD):    5.126ns
    Clock Pessimism Removal (CPR):    0.271ns
  Clock Uncertainty:      0.035ns  ((TSJ^2 + TIJ^2)^1/2 + DJ) / 2 + PE
    Total System Jitter     (TSJ):    0.071ns
    Total Input Jitter      (TIJ):    0.000ns
    Discrete Jitter          (DJ):    0.000ns
    Phase Error              (PE):    0.000ns

    Location             Delay type                Incr(ns)  Path(ns)    Netlist Resource(s)
  -------------------------------------------------------------------    -------------------
                         (clock sys_clk rise edge)    0.000     0.000 r  
    N15                                               0.000     0.000 r  clk (IN)
                         net (fo=0)                   0.000     0.000    clk
    N15                  IBUF (Prop_ibuf_I_O)         1.440     1.440 r  clk_IBUF_inst/O
                         net (fo=1, routed)           1.972     3.412    clk_IBUF
    BUFGCTRL_X0Y0        BUFG (Prop_bufg_I_O)         0.096     3.508 r  clk_IBUF_BUFG_inst/O
                         net (fo=242, routed)         1.618     5.126    CTRL/clk_IBUF_BUFG
    SLICE_X2Y83          FDRE                                         r  CTRL/FSM_onehot_curr_state_reg[4]/C
  -------------------------------------------------------------------    -------------------
    SLICE_X2Y83          FDRE (Prop_fdre_C_Q)         0.518     5.644 r  CTRL/FSM_onehot_curr_state_reg[4]/Q
                         net (fo=15, routed)          1.514     7.158    CTRL/add
    SLICE_X2Y79          LUT2 (Prop_lut2_I0_O)        0.146     7.304 r  CTRL/Aval[7]_i_4/O
                         net (fo=2, routed)           0.602     7.906    CTRL/Aval[7]_i_4_n_0
    SLICE_X2Y84          LUT6 (Prop_lut6_I2_O)        0.328     8.234 r  CTRL/Aval[7]_i_2/O
                         net (fo=11, routed)          0.207     8.441    CTRL/A_new
    SLICE_X2Y84          LUT5 (Prop_lut5_I0_O)        0.124     8.565 r  CTRL/Aval[7]_i_1/O
                         net (fo=9, routed)           0.703     9.268    CTRL_n_8
    SLICE_X3Y82          FDRE                                         r  Aval_reg[1]/R
  -------------------------------------------------------------------    -------------------

                         (clock sys_clk rise edge)   20.000    20.000 r  
    N15                                               0.000    20.000 r  clk (IN)
                         net (fo=0)                   0.000    20.000    clk
    N15                  IBUF (Prop_ibuf_I_O)         1.370    21.370 r  clk_IBUF_inst/O
                         net (fo=1, routed)           1.868    23.238    clk_IBUF
    BUFGCTRL_X0Y0        BUFG (Prop_bufg_I_O)         0.091    23.329 r  clk_IBUF_BUFG_inst/O
                         net (fo=242, routed)         1.501    24.830    clk_IBUF_BUFG
    SLICE_X3Y82          FDRE                                         r  Aval_reg[1]/C
                         clock pessimism              0.271    25.101    
                         clock uncertainty           -0.035    25.065    
    SLICE_X3Y82          FDRE (Setup_fdre_C_R)       -0.429    24.636    Aval_reg[1]
  -------------------------------------------------------------------
                         required time                         24.636    
                         arrival time                          -9.268    
  -------------------------------------------------------------------
                         slack                                 15.369    





Min Delay Paths
--------------------------------------------------------------------------------------
Slack (MET) :             0.139ns  (arrival time - required time)
  Source:                 CTRL/count_reg[0]/C
                            (rising edge-triggered cell FDRE clocked by sys_clk  {rise@0.000ns fall@10.000ns period=20.000ns})
  Destination:            CTRL/FSM_onehot_curr_state_reg[4]/D
                            (rising edge-triggered cell FDRE clocked by sys_clk  {rise@0.000ns fall@10.000ns period=20.000ns})
  Path Group:             sys_clk
  Path Type:              Hold (Min at Fast Process Corner)
  Requirement:            0.000ns  (sys_clk rise@0.000ns - sys_clk rise@0.000ns)
  Data Path Delay:        0.273ns  (logic 0.186ns (68.080%)  route 0.087ns (31.920%))
  Logic Levels:           1  (LUT6=1)
  Clock Path Skew:        0.013ns (DCD - SCD - CPR)
    Destination Clock Delay (DCD):    1.970ns
    Source Clock Delay      (SCD):    1.456ns
    Clock Pessimism Removal (CPR):    0.501ns

    Location             Delay type                Incr(ns)  Path(ns)    Netlist Resource(s)
  -------------------------------------------------------------------    -------------------
                         (clock sys_clk rise edge)    0.000     0.000 r  
    N15                                               0.000     0.000 r  clk (IN)
                         net (fo=0)                   0.000     0.000    clk
    N15                  IBUF (Prop_ibuf_I_O)         0.209     0.209 r  clk_IBUF_inst/O
                         net (fo=1, routed)           0.634     0.843    clk_IBUF
    BUFGCTRL_X0Y0        BUFG (Prop_bufg_I_O)         0.026     0.869 r  clk_IBUF_BUFG_inst/O
                         net (fo=242, routed)         0.588     1.456    CTRL/clk_IBUF_BUFG
    SLICE_X3Y83          FDRE                                         r  CTRL/count_reg[0]/C
  -------------------------------------------------------------------    -------------------
    SLICE_X3Y83          FDRE (Prop_fdre_C_Q)         0.141     1.597 r  CTRL/count_reg[0]/Q
                         net (fo=8, routed)           0.087     1.685    CTRL/count_reg[0]
    SLICE_X2Y83          LUT6 (Prop_lut6_I3_O)        0.045     1.730 r  CTRL/FSM_onehot_curr_state[4]_i_1/O
                         net (fo=1, routed)           0.000     1.730    CTRL/FSM_onehot_curr_state[4]_i_1_n_0
    SLICE_X2Y83          FDRE                                         r  CTRL/FSM_onehot_curr_state_reg[4]/D
  -------------------------------------------------------------------    -------------------

                         (clock sys_clk rise edge)    0.000     0.000 r  
    N15                                               0.000     0.000 r  clk (IN)
                         net (fo=0)                   0.000     0.000    clk
    N15                  IBUF (Prop_ibuf_I_O)         0.396     0.396 r  clk_IBUF_inst/O
                         net (fo=1, routed)           0.689     1.085    clk_IBUF
    BUFGCTRL_X0Y0        BUFG (Prop_bufg_I_O)         0.029     1.114 r  clk_IBUF_BUFG_inst/O
                         net (fo=242, routed)         0.856     1.970    CTRL/clk_IBUF_BUFG
    SLICE_X2Y83          FDRE                                         r  CTRL/FSM_onehot_curr_state_reg[4]/C
                         clock pessimism             -0.501     1.469    
    SLICE_X2Y83          FDRE (Hold_fdre_C_D)         0.121     1.590    CTRL/FSM_onehot_curr_state_reg[4]
  -------------------------------------------------------------------
                         required time                         -1.590    
                         arrival time                           1.730    
  -------------------------------------------------------------------
                         slack                                  0.139    

Slack (MET) :             0.139ns  (arrival time - required time)
  Source:                 CTRL/count_reg[3]/C
                            (rising edge-triggered cell FDRE clocked by sys_clk  {rise@0.000ns fall@10.000ns period=20.000ns})
  Destination:            CTRL/FSM_onehot_curr_state_reg[1]/D
                            (rising edge-triggered cell FDRE clocked by sys_clk  {rise@0.000ns fall@10.000ns period=20.000ns})
  Path Group:             sys_clk
  Path Type:              Hold (Min at Fast Process Corner)
  Requirement:            0.000ns  (sys_clk rise@0.000ns - sys_clk rise@0.000ns)
  Data Path Delay:        0.273ns  (logic 0.186ns (68.028%)  route 0.087ns (31.972%))
  Logic Levels:           1  (LUT6=1)
  Clock Path Skew:        0.013ns (DCD - SCD - CPR)
    Destination Clock Delay (DCD):    1.970ns
    Source Clock Delay      (SCD):    1.456ns
    Clock Pessimism Removal (CPR):    0.501ns

    Location             Delay type                Incr(ns)  Path(ns)    Netlist Resource(s)
  -------------------------------------------------------------------    -------------------
                         (clock sys_clk rise edge)    0.000     0.000 r  
    N15                                               0.000     0.000 r  clk (IN)
                         net (fo=0)                   0.000     0.000    clk
    N15                  IBUF (Prop_ibuf_I_O)         0.209     0.209 r  clk_IBUF_inst/O
                         net (fo=1, routed)           0.634     0.843    clk_IBUF
    BUFGCTRL_X0Y0        BUFG (Prop_bufg_I_O)         0.026     0.869 r  clk_IBUF_BUFG_inst/O
                         net (fo=242, routed)         0.588     1.456    CTRL/clk_IBUF_BUFG
    SLICE_X3Y83          FDRE                                         r  CTRL/count_reg[3]/C
  -------------------------------------------------------------------    -------------------
    SLICE_X3Y83          FDRE (Prop_fdre_C_Q)         0.141     1.597 r  CTRL/count_reg[3]/Q
                         net (fo=5, routed)           0.087     1.685    CTRL/count_reg[3]
    SLICE_X2Y83          LUT6 (Prop_lut6_I3_O)        0.045     1.730 r  CTRL/FSM_onehot_curr_state[1]_i_1/O
                         net (fo=1, routed)           0.000     1.730    CTRL/FSM_onehot_curr_state[1]_i_1_n_0
    SLICE_X2Y83          FDRE                                         r  CTRL/FSM_onehot_curr_state_reg[1]/D
  -------------------------------------------------------------------    -------------------

                         (clock sys_clk rise edge)    0.000     0.000 r  
    N15                                               0.000     0.000 r  clk (IN)
                         net (fo=0)                   0.000     0.000    clk
    N15                  IBUF (Prop_ibuf_I_O)         0.396     0.396 r  clk_IBUF_inst/O
                         net (fo=1, routed)           0.689     1.085    clk_IBUF
    BUFGCTRL_X0Y0        BUFG (Prop_bufg_I_O)         0.029     1.114 r  clk_IBUF_BUFG_inst/O
                         net (fo=242, routed)         0.856     1.970    CTRL/clk_IBUF_BUFG
    SLICE_X2Y83          FDRE                                         r  CTRL/FSM_onehot_curr_state_reg[1]/C
                         clock pessimism             -0.501     1.469    
    SLICE_X2Y83          FDRE (Hold_fdre_C_D)         0.121     1.590    CTRL/FSM_onehot_curr_state_reg[1]
  -------------------------------------------------------------------
                         required time                         -1.590    
                         arrival time                           1.730    
  -------------------------------------------------------------------
                         slack                                  0.139    

Slack (MET) :             0.142ns  (arrival time - required time)
  Source:                 CTRL/count_reg[0]/C
                            (rising edge-triggered cell FDRE clocked by sys_clk  {rise@0.000ns fall@10.000ns period=20.000ns})
  Destination:            CTRL/FSM_onehot_curr_state_reg[3]/D
                            (rising edge-triggered cell FDRE clocked by sys_clk  {rise@0.000ns fall@10.000ns period=20.000ns})
  Path Group:             sys_clk
  Path Type:              Hold (Min at Fast Process Corner)
  Requirement:            0.000ns  (sys_clk rise@0.000ns - sys_clk rise@0.000ns)
  Data Path Delay:        0.275ns  (logic 0.186ns (67.585%)  route 0.089ns (32.415%))
  Logic Levels:           1  (LUT6=1)
  Clock Path Skew:        0.013ns (DCD - SCD - CPR)
    Destination Clock Delay (DCD):    1.970ns
    Source Clock Delay      (SCD):    1.456ns
    Clock Pessimism Removal (CPR):    0.501ns

    Location             Delay type                Incr(ns)  Path(ns)    Netlist Resource(s)
  -------------------------------------------------------------------    -------------------
                         (clock sys_clk rise edge)    0.000     0.000 r  
    N15                                               0.000     0.000 r  clk (IN)
                         net (fo=0)                   0.000     0.000    clk
    N15                  IBUF (Prop_ibuf_I_O)         0.209     0.209 r  clk_IBUF_inst/O
                         net (fo=1, routed)           0.634     0.843    clk_IBUF
    BUFGCTRL_X0Y0        BUFG (Prop_bufg_I_O)         0.026     0.869 r  clk_IBUF_BUFG_inst/O
                         net (fo=242, routed)         0.588     1.456    CTRL/clk_IBUF_BUFG
    SLICE_X3Y83          FDRE                                         r  CTRL/count_reg[0]/C
  -------------------------------------------------------------------    -------------------
    SLICE_X3Y83          FDRE (Prop_fdre_C_Q)         0.141     1.597 r  CTRL/count_reg[0]/Q
                         net (fo=8, routed)           0.089     1.687    CTRL/count_reg[0]
    SLICE_X2Y83          LUT6 (Prop_lut6_I3_O)        0.045     1.732 r  CTRL/FSM_onehot_curr_state[3]_i_1/O
                         net (fo=1, routed)           0.000     1.732    CTRL/FSM_onehot_curr_state[3]_i_1_n_0
    SLICE_X2Y83          FDRE                                         r  CTRL/FSM_onehot_curr_state_reg[3]/D
  -------------------------------------------------------------------    -------------------

                         (clock sys_clk rise edge)    0.000     0.000 r  
    N15                                               0.000     0.000 r  clk (IN)
                         net (fo=0)                   0.000     0.000    clk
    N15                  IBUF (Prop_ibuf_I_O)         0.396     0.396 r  clk_IBUF_inst/O
                         net (fo=1, routed)           0.689     1.085    clk_IBUF
    BUFGCTRL_X0Y0        BUFG (Prop_bufg_I_O)         0.029     1.114 r  clk_IBUF_BUFG_inst/O
                         net (fo=242, routed)         0.856     1.970    CTRL/clk_IBUF_BUFG
    SLICE_X2Y83          FDRE                                         r  CTRL/FSM_onehot_curr_state_reg[3]/C
                         clock pessimism             -0.501     1.469    
    SLICE_X2Y83          FDRE (Hold_fdre_C_D)         0.120     1.589    CTRL/FSM_onehot_curr_state_reg[3]
  -------------------------------------------------------------------
                         required time                         -1.589    
                         arrival time                           1.732    
  -------------------------------------------------------------------
                         slack                                  0.142    

Slack (MET) :             0.191ns  (arrival time - required time)
  Source:                 button_sync[0]/ff2_reg/C
                            (rising edge-triggered cell FDRE clocked by sys_clk  {rise@0.000ns fall@10.000ns period=20.000ns})
  Destination:            button_sync[0]/q_reg/D
                            (rising edge-triggered cell FDRE clocked by sys_clk  {rise@0.000ns fall@10.000ns period=20.000ns})
  Path Group:             sys_clk
  Path Type:              Hold (Min at Fast Process Corner)
  Requirement:            0.000ns  (sys_clk rise@0.000ns - sys_clk rise@0.000ns)
  Data Path Delay:        0.296ns  (logic 0.186ns (62.877%)  route 0.110ns (37.123%))
  Logic Levels:           1  (LUT4=1)
  Clock Path Skew:        0.013ns (DCD - SCD - CPR)
    Destination Clock Delay (DCD):    1.973ns
    Source Clock Delay      (SCD):    1.457ns
    Clock Pessimism Removal (CPR):    0.503ns

    Location             Delay type                Incr(ns)  Path(ns)    Netlist Resource(s)
  -------------------------------------------------------------------    -------------------
                         (clock sys_clk rise edge)    0.000     0.000 r  
    N15                                               0.000     0.000 r  clk (IN)
                         net (fo=0)                   0.000     0.000    clk
    N15                  IBUF (Prop_ibuf_I_O)         0.209     0.209 r  clk_IBUF_inst/O
                         net (fo=1, routed)           0.634     0.843    clk_IBUF
    BUFGCTRL_X0Y0        BUFG (Prop_bufg_I_O)         0.026     0.869 r  clk_IBUF_BUFG_inst/O
                         net (fo=242, routed)         0.589     1.457    button_sync[0]/clk_IBUF_BUFG
    SLICE_X5Y88          FDRE                                         r  button_sync[0]/ff2_reg/C
  -------------------------------------------------------------------    -------------------
    SLICE_X5Y88          FDRE (Prop_fdre_C_Q)         0.141     1.598 r  button_sync[0]/ff2_reg/Q
                         net (fo=2, routed)           0.110     1.708    button_sync[0]/ff2
    SLICE_X4Y88          LUT4 (Prop_lut4_I1_O)        0.045     1.753 r  button_sync[0]/q_i_1__8/O
                         net (fo=1, routed)           0.000     1.753    button_sync[0]/q_i_1__8_n_0
    SLICE_X4Y88          FDRE                                         r  button_sync[0]/q_reg/D
  -------------------------------------------------------------------    -------------------

                         (clock sys_clk rise edge)    0.000     0.000 r  
    N15                                               0.000     0.000 r  clk (IN)
                         net (fo=0)                   0.000     0.000    clk
    N15                  IBUF (Prop_ibuf_I_O)         0.396     0.396 r  clk_IBUF_inst/O
                         net (fo=1, routed)           0.689     1.085    clk_IBUF
    BUFGCTRL_X0Y0        BUFG (Prop_bufg_I_O)         0.029     1.114 r  clk_IBUF_BUFG_inst/O
                         net (fo=242, routed)         0.860     1.973    button_sync[0]/clk_IBUF_BUFG
    SLICE_X4Y88          FDRE                                         r  button_sync[0]/q_reg/C
                         clock pessimism             -0.503     1.470    
    SLICE_X4Y88          FDRE (Hold_fdre_C_D)         0.092     1.562    button_sync[0]/q_reg
  -------------------------------------------------------------------
                         required time                         -1.562    
                         arrival time                           1.753    
  -------------------------------------------------------------------
                         slack                                  0.191    

Slack (MET) :             0.199ns  (arrival time - required time)
  Source:                 Sin_sync[4]/ff1_reg/C
                            (rising edge-triggered cell FDRE clocked by sys_clk  {rise@0.000ns fall@10.000ns period=20.000ns})
  Destination:            Sin_sync[4]/q_reg/D
                            (rising edge-triggered cell FDRE clocked by sys_clk  {rise@0.000ns fall@10.000ns period=20.000ns})
  Path Group:             sys_clk
  Path Type:              Hold (Min at Fast Process Corner)
  Requirement:            0.000ns  (sys_clk rise@0.000ns - sys_clk rise@0.000ns)
  Data Path Delay:        0.319ns  (logic 0.246ns (77.056%)  route 0.073ns (22.944%))
  Logic Levels:           1  (LUT4=1)
  Clock Path Skew:        0.000ns (DCD - SCD - CPR)
    Destination Clock Delay (DCD):    1.967ns
    Source Clock Delay      (SCD):    1.453ns
    Clock Pessimism Removal (CPR):    0.514ns

    Location             Delay type                Incr(ns)  Path(ns)    Netlist Resource(s)
  -------------------------------------------------------------------    -------------------
                         (clock sys_clk rise edge)    0.000     0.000 r  
    N15                                               0.000     0.000 r  clk (IN)
                         net (fo=0)                   0.000     0.000    clk
    N15                  IBUF (Prop_ibuf_I_O)         0.209     0.209 r  clk_IBUF_inst/O
                         net (fo=1, routed)           0.634     0.843    clk_IBUF
    BUFGCTRL_X0Y0        BUFG (Prop_bufg_I_O)         0.026     0.869 r  clk_IBUF_BUFG_inst/O
                         net (fo=242, routed)         0.585     1.453    Sin_sync[4]/clk_IBUF_BUFG
    SLICE_X6Y82          FDRE                                         r  Sin_sync[4]/ff1_reg/C
  -------------------------------------------------------------------    -------------------
    SLICE_X6Y82          FDRE (Prop_fdre_C_Q)         0.148     1.601 r  Sin_sync[4]/ff1_reg/Q
                         net (fo=3, routed)           0.073     1.675    Sin_sync[4]/ff1
    SLICE_X6Y82          LUT4 (Prop_lut4_I2_O)        0.098     1.773 r  Sin_sync[4]/q_i_1__4/O
                         net (fo=1, routed)           0.000     1.773    Sin_sync[4]/q_i_1__4_n_0
    SLICE_X6Y82          FDRE                                         r  Sin_sync[4]/q_reg/D
  -------------------------------------------------------------------    -------------------

                         (clock sys_clk rise edge)    0.000     0.000 r  
    N15                                               0.000     0.000 r  clk (IN)
                         net (fo=0)                   0.000     0.000    clk
    N15                  IBUF (Prop_ibuf_I_O)         0.396     0.396 r  clk_IBUF_inst/O
                         net (fo=1, routed)           0.689     1.085    clk_IBUF
    BUFGCTRL_X0Y0        BUFG (Prop_bufg_I_O)         0.029     1.114 r  clk_IBUF_BUFG_inst/O
                         net (fo=242, routed)         0.854     1.967    Sin_sync[4]/clk_IBUF_BUFG
    SLICE_X6Y82          FDRE                                         r  Sin_sync[4]/q_reg/C
                         clock pessimism             -0.514     1.453    
    SLICE_X6Y82          FDRE (Hold_fdre_C_D)         0.120     1.573    Sin_sync[4]/q_reg
  -------------------------------------------------------------------
                         required time                         -1.573    
                         arrival time                           1.773    
  -------------------------------------------------------------------
                         slack                                  0.199    

Slack (MET) :             0.206ns  (arrival time - required time)
  Source:                 Bval_reg[1]/C
                            (rising edge-triggered cell FDRE clocked by sys_clk  {rise@0.000ns fall@10.000ns period=20.000ns})
  Destination:            Bval_reg[0]/D
                            (rising edge-triggered cell FDRE clocked by sys_clk  {rise@0.000ns fall@10.000ns period=20.000ns})
  Path Group:             sys_clk
  Path Type:              Hold (Min at Fast Process Corner)
  Requirement:            0.000ns  (sys_clk rise@0.000ns - sys_clk rise@0.000ns)
  Data Path Delay:        0.297ns  (logic 0.227ns (76.391%)  route 0.070ns (23.609%))
  Logic Levels:           1  (LUT3=1)
  Clock Path Skew:        0.000ns (DCD - SCD - CPR)
    Destination Clock Delay (DCD):    1.968ns
    Source Clock Delay      (SCD):    1.454ns
    Clock Pessimism Removal (CPR):    0.514ns

    Location             Delay type                Incr(ns)  Path(ns)    Netlist Resource(s)
  -------------------------------------------------------------------    -------------------
                         (clock sys_clk rise edge)    0.000     0.000 r  
    N15                                               0.000     0.000 r  clk (IN)
                         net (fo=0)                   0.000     0.000    clk
    N15                  IBUF (Prop_ibuf_I_O)         0.209     0.209 r  clk_IBUF_inst/O
                         net (fo=1, routed)           0.634     0.843    clk_IBUF
    BUFGCTRL_X0Y0        BUFG (Prop_bufg_I_O)         0.026     0.869 r  clk_IBUF_BUFG_inst/O
                         net (fo=242, routed)         0.586     1.454    clk_IBUF_BUFG
    SLICE_X5Y83          FDRE                                         r  Bval_reg[1]/C
  -------------------------------------------------------------------    -------------------
    SLICE_X5Y83          FDRE (Prop_fdre_C_Q)         0.128     1.582 r  Bval_reg[1]/Q
                         net (fo=8, routed)           0.070     1.653    Sin_sync[0]/Bval_reg[0][0]
    SLICE_X5Y83          LUT3 (Prop_lut3_I2_O)        0.099     1.752 r  Sin_sync[0]/Bval[0]_i_1/O
                         net (fo=1, routed)           0.000     1.752    B_new[0]
    SLICE_X5Y83          FDRE                                         r  Bval_reg[0]/D
  -------------------------------------------------------------------    -------------------

                         (clock sys_clk rise edge)    0.000     0.000 r  
    N15                                               0.000     0.000 r  clk (IN)
                         net (fo=0)                   0.000     0.000    clk
    N15                  IBUF (Prop_ibuf_I_O)         0.396     0.396 r  clk_IBUF_inst/O
                         net (fo=1, routed)           0.689     1.085    clk_IBUF
    BUFGCTRL_X0Y0        BUFG (Prop_bufg_I_O)         0.029     1.114 r  clk_IBUF_BUFG_inst/O
                         net (fo=242, routed)         0.855     1.968    clk_IBUF_BUFG
    SLICE_X5Y83          FDRE                                         r  Bval_reg[0]/C
                         clock pessimism             -0.514     1.454    
    SLICE_X5Y83          FDRE (Hold_fdre_C_D)         0.091     1.545    Bval_reg[0]
  -------------------------------------------------------------------
                         required time                         -1.545    
                         arrival time                           1.752    
  -------------------------------------------------------------------
                         slack                                  0.206    

Slack (MET) :             0.213ns  (arrival time - required time)
  Source:                 button_sync[1]/ff2_reg/C
                            (rising edge-triggered cell FDRE clocked by sys_clk  {rise@0.000ns fall@10.000ns period=20.000ns})
  Destination:            button_sync[1]/q_reg/D
                            (rising edge-triggered cell FDRE clocked by sys_clk  {rise@0.000ns fall@10.000ns period=20.000ns})
  Path Group:             sys_clk
  Path Type:              Hold (Min at Fast Process Corner)
  Requirement:            0.000ns  (sys_clk rise@0.000ns - sys_clk rise@0.000ns)
  Data Path Delay:        0.334ns  (logic 0.209ns (62.484%)  route 0.125ns (37.516%))
  Logic Levels:           1  (LUT4=1)
  Clock Path Skew:        0.000ns (DCD - SCD - CPR)
    Destination Clock Delay (DCD):    1.962ns
    Source Clock Delay      (SCD):    1.449ns
    Clock Pessimism Removal (CPR):    0.513ns

    Location             Delay type                Incr(ns)  Path(ns)    Netlist Resource(s)
  -------------------------------------------------------------------    -------------------
                         (clock sys_clk rise edge)    0.000     0.000 r  
    N15                                               0.000     0.000 r  clk (IN)
                         net (fo=0)                   0.000     0.000    clk
    N15                  IBUF (Prop_ibuf_I_O)         0.209     0.209 r  clk_IBUF_inst/O
                         net (fo=1, routed)           0.634     0.843    clk_IBUF
    BUFGCTRL_X0Y0        BUFG (Prop_bufg_I_O)         0.026     0.869 r  clk_IBUF_BUFG_inst/O
                         net (fo=242, routed)         0.581     1.449    button_sync[1]/clk_IBUF_BUFG
    SLICE_X6Y77          FDRE                                         r  button_sync[1]/ff2_reg/C
  -------------------------------------------------------------------    -------------------
    SLICE_X6Y77          FDRE (Prop_fdre_C_Q)         0.164     1.613 r  button_sync[1]/ff2_reg/Q
                         net (fo=2, routed)           0.125     1.739    button_sync[1]/ff2
    SLICE_X6Y77          LUT4 (Prop_lut4_I1_O)        0.045     1.784 r  button_sync[1]/q_i_1/O
                         net (fo=1, routed)           0.000     1.784    button_sync[1]/q_i_1_n_0
    SLICE_X6Y77          FDRE                                         r  button_sync[1]/q_reg/D
  -------------------------------------------------------------------    -------------------

                         (clock sys_clk rise edge)    0.000     0.000 r  
    N15                                               0.000     0.000 r  clk (IN)
                         net (fo=0)                   0.000     0.000    clk
    N15                  IBUF (Prop_ibuf_I_O)         0.396     0.396 r  clk_IBUF_inst/O
                         net (fo=1, routed)           0.689     1.085    clk_IBUF
    BUFGCTRL_X0Y0        BUFG (Prop_bufg_I_O)         0.029     1.114 r  clk_IBUF_BUFG_inst/O
                         net (fo=242, routed)         0.849     1.962    button_sync[1]/clk_IBUF_BUFG
    SLICE_X6Y77          FDRE                                         r  button_sync[1]/q_reg/C
                         clock pessimism             -0.513     1.449    
    SLICE_X6Y77          FDRE (Hold_fdre_C_D)         0.121     1.570    button_sync[1]/q_reg
  -------------------------------------------------------------------
                         required time                         -1.570    
                         arrival time                           1.784    
  -------------------------------------------------------------------
                         slack                                  0.213    

Slack (MET) :             0.215ns  (arrival time - required time)
  Source:                 Sin_sync[5]/ff1_reg/C
                            (rising edge-triggered cell FDRE clocked by sys_clk  {rise@0.000ns fall@10.000ns period=20.000ns})
  Destination:            Sin_sync[5]/q_reg/D
                            (rising edge-triggered cell FDRE clocked by sys_clk  {rise@0.000ns fall@10.000ns period=20.000ns})
  Path Group:             sys_clk
  Path Type:              Hold (Min at Fast Process Corner)
  Requirement:            0.000ns  (sys_clk rise@0.000ns - sys_clk rise@0.000ns)
  Data Path Delay:        0.335ns  (logic 0.246ns (73.395%)  route 0.089ns (26.605%))
  Logic Levels:           1  (LUT4=1)
  Clock Path Skew:        0.000ns (DCD - SCD - CPR)
    Destination Clock Delay (DCD):    1.962ns
    Source Clock Delay      (SCD):    1.449ns
    Clock Pessimism Removal (CPR):    0.513ns

    Location             Delay type                Incr(ns)  Path(ns)    Netlist Resource(s)
  -------------------------------------------------------------------    -------------------
                         (clock sys_clk rise edge)    0.000     0.000 r  
    N15                                               0.000     0.000 r  clk (IN)
                         net (fo=0)                   0.000     0.000    clk
    N15                  IBUF (Prop_ibuf_I_O)         0.209     0.209 r  clk_IBUF_inst/O
                         net (fo=1, routed)           0.634     0.843    clk_IBUF
    BUFGCTRL_X0Y0        BUFG (Prop_bufg_I_O)         0.026     0.869 r  clk_IBUF_BUFG_inst/O
                         net (fo=242, routed)         0.581     1.449    Sin_sync[5]/clk_IBUF_BUFG
    SLICE_X6Y77          FDRE                                         r  Sin_sync[5]/ff1_reg/C
  -------------------------------------------------------------------    -------------------
    SLICE_X6Y77          FDRE (Prop_fdre_C_Q)         0.148     1.597 r  Sin_sync[5]/ff1_reg/Q
                         net (fo=3, routed)           0.089     1.687    Sin_sync[5]/ff1
    SLICE_X6Y77          LUT4 (Prop_lut4_I2_O)        0.098     1.785 r  Sin_sync[5]/q_i_1__5/O
                         net (fo=1, routed)           0.000     1.785    Sin_sync[5]/q_i_1__5_n_0
    SLICE_X6Y77          FDRE                                         r  Sin_sync[5]/q_reg/D
  -------------------------------------------------------------------    -------------------

                         (clock sys_clk rise edge)    0.000     0.000 r  
    N15                                               0.000     0.000 r  clk (IN)
                         net (fo=0)                   0.000     0.000    clk
    N15                  IBUF (Prop_ibuf_I_O)         0.396     0.396 r  clk_IBUF_inst/O
                         net (fo=1, routed)           0.689     1.085    clk_IBUF
    BUFGCTRL_X0Y0        BUFG (Prop_bufg_I_O)         0.029     1.114 r  clk_IBUF_BUFG_inst/O
                         net (fo=242, routed)         0.849     1.962    Sin_sync[5]/clk_IBUF_BUFG
    SLICE_X6Y77          FDRE                                         r  Sin_sync[5]/q_reg/C
                         clock pessimism             -0.513     1.449    
    SLICE_X6Y77          FDRE (Hold_fdre_C_D)         0.120     1.569    Sin_sync[5]/q_reg
  -------------------------------------------------------------------
                         required time                         -1.569    
                         arrival time                           1.785    
  -------------------------------------------------------------------
                         slack                                  0.215    

Slack (MET) :             0.219ns  (arrival time - required time)
  Source:                 Sin_sync[0]/ff1_reg/C
                            (rising edge-triggered cell FDRE clocked by sys_clk  {rise@0.000ns fall@10.000ns period=20.000ns})
  Destination:            Sin_sync[0]/q_reg/D
                            (rising edge-triggered cell FDRE clocked by sys_clk  {rise@0.000ns fall@10.000ns period=20.000ns})
  Path Group:             sys_clk
  Path Type:              Hold (Min at Fast Process Corner)
  Requirement:            0.000ns  (sys_clk rise@0.000ns - sys_clk rise@0.000ns)
  Data Path Delay:        0.310ns  (logic 0.227ns (73.235%)  route 0.083ns (26.765%))
  Logic Levels:           1  (LUT4=1)
  Clock Path Skew:        0.000ns (DCD - SCD - CPR)
    Destination Clock Delay (DCD):    1.973ns
    Source Clock Delay      (SCD):    1.457ns
    Clock Pessimism Removal (CPR):    0.516ns

    Location             Delay type                Incr(ns)  Path(ns)    Netlist Resource(s)
  -------------------------------------------------------------------    -------------------
                         (clock sys_clk rise edge)    0.000     0.000 r  
    N15                                               0.000     0.000 r  clk (IN)
                         net (fo=0)                   0.000     0.000    clk
    N15                  IBUF (Prop_ibuf_I_O)         0.209     0.209 r  clk_IBUF_inst/O
                         net (fo=1, routed)           0.634     0.843    clk_IBUF
    BUFGCTRL_X0Y0        BUFG (Prop_bufg_I_O)         0.026     0.869 r  clk_IBUF_BUFG_inst/O
                         net (fo=242, routed)         0.589     1.457    Sin_sync[0]/clk_IBUF_BUFG
    SLICE_X5Y88          FDRE                                         r  Sin_sync[0]/ff1_reg/C
  -------------------------------------------------------------------    -------------------
    SLICE_X5Y88          FDRE (Prop_fdre_C_Q)         0.128     1.585 r  Sin_sync[0]/ff1_reg/Q
                         net (fo=3, routed)           0.083     1.668    Sin_sync[0]/ff1
    SLICE_X5Y88          LUT4 (Prop_lut4_I2_O)        0.099     1.767 r  Sin_sync[0]/q_i_1__0/O
                         net (fo=1, routed)           0.000     1.767    Sin_sync[0]/q_i_1__0_n_0
    SLICE_X5Y88          FDRE                                         r  Sin_sync[0]/q_reg/D
  -------------------------------------------------------------------    -------------------

                         (clock sys_clk rise edge)    0.000     0.000 r  
    N15                                               0.000     0.000 r  clk (IN)
                         net (fo=0)                   0.000     0.000    clk
    N15                  IBUF (Prop_ibuf_I_O)         0.396     0.396 r  clk_IBUF_inst/O
                         net (fo=1, routed)           0.689     1.085    clk_IBUF
    BUFGCTRL_X0Y0        BUFG (Prop_bufg_I_O)         0.029     1.114 r  clk_IBUF_BUFG_inst/O
                         net (fo=242, routed)         0.860     1.973    Sin_sync[0]/clk_IBUF_BUFG
    SLICE_X5Y88          FDRE                                         r  Sin_sync[0]/q_reg/C
                         clock pessimism             -0.516     1.457    
    SLICE_X5Y88          FDRE (Hold_fdre_C_D)         0.091     1.548    Sin_sync[0]/q_reg
  -------------------------------------------------------------------
                         required time                         -1.548    
                         arrival time                           1.767    
  -------------------------------------------------------------------
                         slack                                  0.219    

Slack (MET) :             0.219ns  (arrival time - required time)
  Source:                 Sin_sync[3]/ff1_reg/C
                            (rising edge-triggered cell FDRE clocked by sys_clk  {rise@0.000ns fall@10.000ns period=20.000ns})
  Destination:            Sin_sync[3]/q_reg/D
                            (rising edge-triggered cell FDRE clocked by sys_clk  {rise@0.000ns fall@10.000ns period=20.000ns})
  Path Group:             sys_clk
  Path Type:              Hold (Min at Fast Process Corner)
  Requirement:            0.000ns  (sys_clk rise@0.000ns - sys_clk rise@0.000ns)
  Data Path Delay:        0.310ns  (logic 0.227ns (73.235%)  route 0.083ns (26.765%))
  Logic Levels:           1  (LUT4=1)
  Clock Path Skew:        0.000ns (DCD - SCD - CPR)
    Destination Clock Delay (DCD):    1.969ns
    Source Clock Delay      (SCD):    1.455ns
    Clock Pessimism Removal (CPR):    0.514ns

    Location             Delay type                Incr(ns)  Path(ns)    Netlist Resource(s)
  -------------------------------------------------------------------    -------------------
                         (clock sys_clk rise edge)    0.000     0.000 r  
    N15                                               0.000     0.000 r  clk (IN)
                         net (fo=0)                   0.000     0.000    clk
    N15                  IBUF (Prop_ibuf_I_O)         0.209     0.209 r  clk_IBUF_inst/O
                         net (fo=1, routed)           0.634     0.843    clk_IBUF
    BUFGCTRL_X0Y0        BUFG (Prop_bufg_I_O)         0.026     0.869 r  clk_IBUF_BUFG_inst/O
                         net (fo=242, routed)         0.587     1.455    Sin_sync[3]/clk_IBUF_BUFG
    SLICE_X5Y84          FDRE                                         r  Sin_sync[3]/ff1_reg/C
  -------------------------------------------------------------------    -------------------
    SLICE_X5Y84          FDRE (Prop_fdre_C_Q)         0.128     1.583 r  Sin_sync[3]/ff1_reg/Q
                         net (fo=3, routed)           0.083     1.666    Sin_sync[3]/ff1
    SLICE_X5Y84          LUT4 (Prop_lut4_I2_O)        0.099     1.765 r  Sin_sync[3]/q_i_1__3/O
                         net (fo=1, routed)           0.000     1.765    Sin_sync[3]/q_i_1__3_n_0
    SLICE_X5Y84          FDRE                                         r  Sin_sync[3]/q_reg/D
  -------------------------------------------------------------------    -------------------

                         (clock sys_clk rise edge)    0.000     0.000 r  
    N15                                               0.000     0.000 r  clk (IN)
                         net (fo=0)                   0.000     0.000    clk
    N15                  IBUF (Prop_ibuf_I_O)         0.396     0.396 r  clk_IBUF_inst/O
                         net (fo=1, routed)           0.689     1.085    clk_IBUF
    BUFGCTRL_X0Y0        BUFG (Prop_bufg_I_O)         0.029     1.114 r  clk_IBUF_BUFG_inst/O
                         net (fo=242, routed)         0.855     1.969    Sin_sync[3]/clk_IBUF_BUFG
    SLICE_X5Y84          FDRE                                         r  Sin_sync[3]/q_reg/C
                         clock pessimism             -0.514     1.455    
    SLICE_X5Y84          FDRE (Hold_fdre_C_D)         0.091     1.546    Sin_sync[3]/q_reg
  -------------------------------------------------------------------
                         required time                         -1.546    
                         arrival time                           1.765    
  -------------------------------------------------------------------
                         slack                                  0.219    





Pulse Width Checks
--------------------------------------------------------------------------------------
Clock Name:         sys_clk
Waveform(ns):       { 0.000 10.000 }
Period(ns):         20.000
Sources:            { clk }

Check Type        Corner  Lib Pin  Reference Pin  Required(ns)  Actual(ns)  Slack(ns)  Location       Pin
Min Period        n/a     BUFG/I   n/a            2.155         20.000      17.845     BUFGCTRL_X0Y0  clk_IBUF_BUFG_inst/I
Min Period        n/a     FDRE/C   n/a            1.000         20.000      19.000     SLICE_X3Y82    Aval_reg[0]/C
Min Period        n/a     FDRE/C   n/a            1.000         20.000      19.000     SLICE_X3Y82    Aval_reg[1]/C
Min Period        n/a     FDRE/C   n/a            1.000         20.000      19.000     SLICE_X4Y81    Aval_reg[2]/C
Min Period        n/a     FDRE/C   n/a            1.000         20.000      19.000     SLICE_X4Y80    Aval_reg[3]/C
Min Period        n/a     FDRE/C   n/a            1.000         20.000      19.000     SLICE_X3Y80    Aval_reg[4]/C
Min Period        n/a     FDRE/C   n/a            1.000         20.000      19.000     SLICE_X2Y80    Aval_reg[5]/C
Min Period        n/a     FDRE/C   n/a            1.000         20.000      19.000     SLICE_X2Y80    Aval_reg[6]/C
Min Period        n/a     FDRE/C   n/a            1.000         20.000      19.000     SLICE_X2Y81    Aval_reg[7]/C
Min Period        n/a     FDRE/C   n/a            1.000         20.000      19.000     SLICE_X5Y83    Bval_reg[0]/C
Low Pulse Width   Slow    FDRE/C   n/a            0.500         10.000      9.500      SLICE_X3Y82    Aval_reg[0]/C
Low Pulse Width   Fast    FDRE/C   n/a            0.500         10.000      9.500      SLICE_X3Y82    Aval_reg[0]/C
Low Pulse Width   Slow    FDRE/C   n/a            0.500         10.000      9.500      SLICE_X3Y82    Aval_reg[1]/C
Low Pulse Width   Fast    FDRE/C   n/a            0.500         10.000      9.500      SLICE_X3Y82    Aval_reg[1]/C
Low Pulse Width   Slow    FDRE/C   n/a            0.500         10.000      9.500      SLICE_X4Y81    Aval_reg[2]/C
Low Pulse Width   Fast    FDRE/C   n/a            0.500         10.000      9.500      SLICE_X4Y81    Aval_reg[2]/C
Low Pulse Width   Slow    FDRE/C   n/a            0.500         10.000      9.500      SLICE_X4Y80    Aval_reg[3]/C
Low Pulse Width   Fast    FDRE/C   n/a            0.500         10.000      9.500      SLICE_X4Y80    Aval_reg[3]/C
Low Pulse Width   Slow    FDRE/C   n/a            0.500         10.000      9.500      SLICE_X3Y80    Aval_reg[4]/C
Low Pulse Width   Fast    FDRE/C   n/a            0.500         10.000      9.500      SLICE_X3Y80    Aval_reg[4]/C
High Pulse Width  Slow    FDRE/C   n/a            0.500         10.000      9.500      SLICE_X3Y82    Aval_reg[0]/C
High Pulse Width  Fast    FDRE/C   n/a            0.500         10.000      9.500      SLICE_X3Y82    Aval_reg[0]/C
High Pulse Width  Slow    FDRE/C   n/a            0.500         10.000      9.500      SLICE_X3Y82    Aval_reg[1]/C
High Pulse Width  Fast    FDRE/C   n/a            0.500         10.000      9.500      SLICE_X3Y82    Aval_reg[1]/C
High Pulse Width  Slow    FDRE/C   n/a            0.500         10.000      9.500      SLICE_X4Y81    Aval_reg[2]/C
High Pulse Width  Fast    FDRE/C   n/a            0.500         10.000      9.500      SLICE_X4Y81    Aval_reg[2]/C
High Pulse Width  Slow    FDRE/C   n/a            0.500         10.000      9.500      SLICE_X4Y80    Aval_reg[3]/C
High Pulse Width  Fast    FDRE/C   n/a            0.500         10.000      9.500      SLICE_X4Y80    Aval_reg[3]/C
High Pulse Width  Slow    FDRE/C   n/a            0.500         10.000      9.500      SLICE_X3Y80    Aval_reg[4]/C
High Pulse Width  Fast    FDRE/C   n/a            0.500         10.000      9.500      SLICE_X3Y80    Aval_reg[4]/C



--------------------------------------------------------------------------------------
Path Group:  (none)
From Clock:  
  To Clock:  

Max Delay            11 Endpoints
Min Delay            11 Endpoints
--------------------------------------------------------------------------------------


Max Delay Paths
--------------------------------------------------------------------------------------
Slack:                    inf
  Source:                 reset
                            (input port)
  Destination:            hex_seg[4]
                            (output port)
  Path Group:             (none)
  Path Type:              Max at Slow Process Corner
  Data Path Delay:        13.964ns  (logic 4.728ns (33.859%)  route 9.236ns (66.142%))
  Logic Levels:           6  (IBUF=1 LUT3=1 LUT5=1 LUT6=2 OBUF=1)

    Location             Delay type                Incr(ns)  Path(ns)    Netlist Resource(s)
  -------------------------------------------------------------------    -------------------
    J2                                                0.000     0.000 r  reset (IN)
                         net (fo=0)                   0.000     0.000    reset
    J2                   IBUF (Prop_ibuf_I_O)         1.316     1.316 r  reset_IBUF_inst/O
                         net (fo=32, routed)          3.572     4.889    h0/reset_IBUF
    SLICE_X7Y81          LUT3 (Prop_lut3_I2_O)        0.124     5.013 f  h0/hex_seg_OBUF[6]_inst_i_7/O
                         net (fo=4, routed)           0.439     5.451    h0/hex_seg_OBUF[6]_inst_i_7_n_0
    SLICE_X6Y82          LUT5 (Prop_lut5_I0_O)        0.124     5.575 f  h0/hex_seg_OBUF[4]_inst_i_5/O
                         net (fo=1, routed)           0.684     6.259    h0/hex_seg_OBUF[4]_inst_i_5_n_0
    SLICE_X7Y82          LUT6 (Prop_lut6_I5_O)        0.124     6.383 f  h0/hex_seg_OBUF[4]_inst_i_4/O
                         net (fo=1, routed)           0.930     7.313    h0/hex_seg_OBUF[4]_inst_i_4_n_0
    SLICE_X5Y83          LUT6 (Prop_lut6_I5_O)        0.124     7.437 r  h0/hex_seg_OBUF[4]_inst_i_1/O
                         net (fo=1, routed)           3.611    11.049    hex_seg_OBUF[4]
    D7                   OBUF (Prop_obuf_I_O)         2.916    13.964 r  hex_seg_OBUF[4]_inst/O
                         net (fo=0)                   0.000    13.964    hex_seg[4]
    D7                                                                r  hex_seg[4] (OUT)
  -------------------------------------------------------------------    -------------------

Slack:                    inf
  Source:                 reset
                            (input port)
  Destination:            hex_seg[2]
                            (output port)
  Path Group:             (none)
  Path Type:              Max at Slow Process Corner
  Data Path Delay:        13.876ns  (logic 4.939ns (35.591%)  route 8.937ns (64.409%))
  Logic Levels:           6  (IBUF=1 LUT3=1 LUT5=1 LUT6=2 OBUF=1)

    Location             Delay type                Incr(ns)  Path(ns)    Netlist Resource(s)
  -------------------------------------------------------------------    -------------------
    J2                                                0.000     0.000 r  reset (IN)
                         net (fo=0)                   0.000     0.000    reset
    J2                   IBUF (Prop_ibuf_I_O)         1.316     1.316 r  reset_IBUF_inst/O
                         net (fo=32, routed)          3.572     4.889    h0/reset_IBUF
    SLICE_X7Y81          LUT3 (Prop_lut3_I2_O)        0.124     5.013 f  h0/hex_seg_OBUF[6]_inst_i_7/O
                         net (fo=4, routed)           0.439     5.451    h0/hex_seg_OBUF[6]_inst_i_7_n_0
    SLICE_X6Y82          LUT5 (Prop_lut5_I0_O)        0.117     5.568 f  h0/hex_seg_OBUF[2]_inst_i_5/O
                         net (fo=1, routed)           0.577     6.145    h0/hex_seg_OBUF[2]_inst_i_5_n_0
    SLICE_X7Y82          LUT6 (Prop_lut6_I5_O)        0.348     6.493 f  h0/hex_seg_OBUF[2]_inst_i_4/O
                         net (fo=1, routed)           1.139     7.633    h0/hex_seg_OBUF[2]_inst_i_4_n_0
    SLICE_X6Y85          LUT6 (Prop_lut6_I5_O)        0.124     7.757 r  h0/hex_seg_OBUF[2]_inst_i_1/O
                         net (fo=1, routed)           3.210    10.967    hex_seg_OBUF[2]
    D5                   OBUF (Prop_obuf_I_O)         2.909    13.876 r  hex_seg_OBUF[2]_inst/O
                         net (fo=0)                   0.000    13.876    hex_seg[2]
    D5                                                                r  hex_seg[2] (OUT)
  -------------------------------------------------------------------    -------------------

Slack:                    inf
  Source:                 reset
                            (input port)
  Destination:            hex_seg[6]
                            (output port)
  Path Group:             (none)
  Path Type:              Max at Slow Process Corner
  Data Path Delay:        13.528ns  (logic 4.923ns (36.389%)  route 8.605ns (63.611%))
  Logic Levels:           6  (IBUF=1 LUT3=1 LUT5=1 LUT6=2 OBUF=1)

    Location             Delay type                Incr(ns)  Path(ns)    Netlist Resource(s)
  -------------------------------------------------------------------    -------------------
    J2                                                0.000     0.000 r  reset (IN)
                         net (fo=0)                   0.000     0.000    reset
    J2                   IBUF (Prop_ibuf_I_O)         1.316     1.316 r  reset_IBUF_inst/O
                         net (fo=32, routed)          3.572     4.889    h0/reset_IBUF
    SLICE_X7Y81          LUT3 (Prop_lut3_I2_O)        0.124     5.013 f  h0/hex_seg_OBUF[6]_inst_i_7/O
                         net (fo=4, routed)           0.428     5.440    h0/hex_seg_OBUF[6]_inst_i_7_n_0
    SLICE_X6Y83          LUT5 (Prop_lut5_I0_O)        0.116     5.556 f  h0/hex_seg_OBUF[6]_inst_i_6/O
                         net (fo=1, routed)           0.803     6.359    h0/hex_seg_OBUF[6]_inst_i_6_n_0
    SLICE_X5Y83          LUT6 (Prop_lut6_I5_O)        0.328     6.687 f  h0/hex_seg_OBUF[6]_inst_i_4/O
                         net (fo=1, routed)           0.289     6.976    h0/hex_seg_OBUF[6]_inst_i_4_n_0
    SLICE_X5Y84          LUT6 (Prop_lut6_I5_O)        0.124     7.100 r  h0/hex_seg_OBUF[6]_inst_i_1/O
                         net (fo=1, routed)           3.514    10.614    hex_seg_OBUF[6]
    C4                   OBUF (Prop_obuf_I_O)         2.914    13.528 r  hex_seg_OBUF[6]_inst/O
                         net (fo=0)                   0.000    13.528    hex_seg[6]
    C4                                                                r  hex_seg[6] (OUT)
  -------------------------------------------------------------------    -------------------

Slack:                    inf
  Source:                 reset
                            (input port)
  Destination:            hex_seg[1]
                            (output port)
  Path Group:             (none)
  Path Type:              Max at Slow Process Corner
  Data Path Delay:        13.025ns  (logic 4.834ns (37.113%)  route 8.191ns (62.887%))
  Logic Levels:           5  (IBUF=1 LUT3=1 LUT6=2 OBUF=1)

    Location             Delay type                Incr(ns)  Path(ns)    Netlist Resource(s)
  -------------------------------------------------------------------    -------------------
    J2                                                0.000     0.000 r  reset (IN)
                         net (fo=0)                   0.000     0.000    reset
    J2                   IBUF (Prop_ibuf_I_O)         1.316     1.316 r  reset_IBUF_inst/O
                         net (fo=32, routed)          3.801     5.118    h0/reset_IBUF
    SLICE_X4Y82          LUT3 (Prop_lut3_I2_O)        0.150     5.268 f  h0/hex_seg_OBUF[1]_inst_i_5/O
                         net (fo=1, routed)           0.441     5.709    h0/hex_seg_OBUF[1]_inst_i_5_n_0
    SLICE_X4Y82          LUT6 (Prop_lut6_I4_O)        0.326     6.035 f  h0/hex_seg_OBUF[1]_inst_i_4/O
                         net (fo=1, routed)           0.414     6.449    h0/hex_seg_OBUF[1]_inst_i_4_n_0
    SLICE_X6Y82          LUT6 (Prop_lut6_I5_O)        0.124     6.573 r  h0/hex_seg_OBUF[1]_inst_i_1/O
                         net (fo=1, routed)           3.534    10.107    hex_seg_OBUF[1]
    B4                   OBUF (Prop_obuf_I_O)         2.917    13.025 r  hex_seg_OBUF[1]_inst/O
                         net (fo=0)                   0.000    13.025    hex_seg[1]
    B4                                                                r  hex_seg[1] (OUT)
  -------------------------------------------------------------------    -------------------

Slack:                    inf
  Source:                 reset
                            (input port)
  Destination:            hex_seg[5]
                            (output port)
  Path Group:             (none)
  Path Type:              Max at Slow Process Corner
  Data Path Delay:        12.973ns  (logic 4.821ns (37.164%)  route 8.152ns (62.836%))
  Logic Levels:           5  (IBUF=1 LUT3=1 LUT6=2 OBUF=1)

    Location             Delay type                Incr(ns)  Path(ns)    Netlist Resource(s)
  -------------------------------------------------------------------    -------------------
    J2                                                0.000     0.000 r  reset (IN)
                         net (fo=0)                   0.000     0.000    reset
    J2                   IBUF (Prop_ibuf_I_O)         1.316     1.316 r  reset_IBUF_inst/O
                         net (fo=32, routed)          3.631     4.947    h0/reset_IBUF
    SLICE_X7Y82          LUT3 (Prop_lut3_I2_O)        0.150     5.097 f  h0/hex_seg_OBUF[6]_inst_i_5/O
                         net (fo=4, routed)           1.047     6.145    h0/hex_seg_OBUF[6]_inst_i_5_n_0
    SLICE_X6Y83          LUT6 (Prop_lut6_I4_O)        0.326     6.471 f  h0/hex_seg_OBUF[5]_inst_i_4/O
                         net (fo=1, routed)           0.669     7.140    h0/hex_seg_OBUF[5]_inst_i_4_n_0
    SLICE_X6Y85          LUT6 (Prop_lut6_I5_O)        0.124     7.264 r  h0/hex_seg_OBUF[5]_inst_i_1/O
                         net (fo=1, routed)           2.804    10.068    hex_seg_OBUF[5]
    D6                   OBUF (Prop_obuf_I_O)         2.905    12.973 r  hex_seg_OBUF[5]_inst/O
                         net (fo=0)                   0.000    12.973    hex_seg[5]
    D6                                                                r  hex_seg[5] (OUT)
  -------------------------------------------------------------------    -------------------

Slack:                    inf
  Source:                 reset
                            (input port)
  Destination:            hex_grid[1]
                            (output port)
  Path Group:             (none)
  Path Type:              Max at Slow Process Corner
  Data Path Delay:        12.371ns  (logic 4.569ns (36.932%)  route 7.802ns (63.068%))
  Logic Levels:           3  (IBUF=1 LUT3=1 OBUF=1)

    Location             Delay type                Incr(ns)  Path(ns)    Netlist Resource(s)
  -------------------------------------------------------------------    -------------------
    J2                                                0.000     0.000 r  reset (IN)
                         net (fo=0)                   0.000     0.000    reset
    J2                   IBUF (Prop_ibuf_I_O)         1.316     1.316 r  reset_IBUF_inst/O
                         net (fo=32, routed)          3.572     4.889    h0/reset_IBUF
    SLICE_X7Y81          LUT3 (Prop_lut3_I0_O)        0.150     5.039 r  h0/hex_grid_OBUF[1]_inst_i_1/O
                         net (fo=1, routed)           4.230     9.269    hex_grid_OBUF[1]
    H6                   OBUF (Prop_obuf_I_O)         3.102    12.371 r  hex_grid_OBUF[1]_inst/O
                         net (fo=0)                   0.000    12.371    hex_grid[1]
    H6                                                                r  hex_grid[1] (OUT)
  -------------------------------------------------------------------    -------------------

Slack:                    inf
  Source:                 reset
                            (input port)
  Destination:            hex_seg[3]
                            (output port)
  Path Group:             (none)
  Path Type:              Max at Slow Process Corner
  Data Path Delay:        12.246ns  (logic 4.348ns (35.507%)  route 7.898ns (64.493%))
  Logic Levels:           3  (IBUF=1 LUT5=1 OBUF=1)

    Location             Delay type                Incr(ns)  Path(ns)    Netlist Resource(s)
  -------------------------------------------------------------------    -------------------
    J2                                                0.000     0.000 r  reset (IN)
                         net (fo=0)                   0.000     0.000    reset
    J2                   IBUF (Prop_ibuf_I_O)         1.316     1.316 r  reset_IBUF_inst/O
                         net (fo=32, routed)          4.299     5.615    h0/reset_IBUF
    SLICE_X6Y84          LUT5 (Prop_lut5_I4_O)        0.124     5.739 r  h0/hex_seg_OBUF[3]_inst_i_1/O
                         net (fo=1, routed)           3.599     9.338    hex_seg_OBUF[3]
    C5                   OBUF (Prop_obuf_I_O)         2.908    12.246 r  hex_seg_OBUF[3]_inst/O
                         net (fo=0)                   0.000    12.246    hex_seg[3]
    C5                                                                r  hex_seg[3] (OUT)
  -------------------------------------------------------------------    -------------------

Slack:                    inf
  Source:                 reset
                            (input port)
  Destination:            hex_seg[0]
                            (output port)
  Path Group:             (none)
  Path Type:              Max at Slow Process Corner
  Data Path Delay:        12.186ns  (logic 4.340ns (35.615%)  route 7.846ns (64.385%))
  Logic Levels:           3  (IBUF=1 LUT5=1 OBUF=1)

    Location             Delay type                Incr(ns)  Path(ns)    Netlist Resource(s)
  -------------------------------------------------------------------    -------------------
    J2                                                0.000     0.000 r  reset (IN)
                         net (fo=0)                   0.000     0.000    reset
    J2                   IBUF (Prop_ibuf_I_O)         1.316     1.316 r  reset_IBUF_inst/O
                         net (fo=32, routed)          4.452     5.768    h0/reset_IBUF
    SLICE_X6Y84          LUT5 (Prop_lut5_I4_O)        0.124     5.892 r  h0/hex_seg_OBUF[0]_inst_i_1/O
                         net (fo=1, routed)           3.395     9.287    hex_seg_OBUF[0]
    E6                   OBUF (Prop_obuf_I_O)         2.900    12.186 r  hex_seg_OBUF[0]_inst/O
                         net (fo=0)                   0.000    12.186    hex_seg[0]
    E6                                                                r  hex_seg[0] (OUT)
  -------------------------------------------------------------------    -------------------

Slack:                    inf
  Source:                 reset
                            (input port)
  Destination:            hex_grid[0]
                            (output port)
  Path Group:             (none)
  Path Type:              Max at Slow Process Corner
  Data Path Delay:        11.851ns  (logic 4.348ns (36.688%)  route 7.503ns (63.312%))
  Logic Levels:           3  (IBUF=1 LUT3=1 OBUF=1)

    Location             Delay type                Incr(ns)  Path(ns)    Netlist Resource(s)
  -------------------------------------------------------------------    -------------------
    J2                                                0.000     0.000 r  reset (IN)
                         net (fo=0)                   0.000     0.000    reset
    J2                   IBUF (Prop_ibuf_I_O)         1.316     1.316 r  reset_IBUF_inst/O
                         net (fo=32, routed)          3.404     4.721    h0/reset_IBUF
    SLICE_X7Y81          LUT3 (Prop_lut3_I0_O)        0.124     4.845 r  h0/hex_grid_OBUF[0]_inst_i_1/O
                         net (fo=2, routed)           4.099     8.943    hex_grid_OBUF[0]
    G6                   OBUF (Prop_obuf_I_O)         2.907    11.851 r  hex_grid_OBUF[0]_inst/O
                         net (fo=0)                   0.000    11.851    hex_grid[0]
    G6                                                                r  hex_grid[0] (OUT)
  -------------------------------------------------------------------    -------------------

Slack:                    inf
  Source:                 reset
                            (input port)
  Destination:            hex_grid[3]
                            (output port)
  Path Group:             (none)
  Path Type:              Max at Slow Process Corner
  Data Path Delay:        11.501ns  (logic 4.357ns (37.883%)  route 7.144ns (62.117%))
  Logic Levels:           3  (IBUF=1 LUT3=1 OBUF=1)

    Location             Delay type                Incr(ns)  Path(ns)    Netlist Resource(s)
  -------------------------------------------------------------------    -------------------
    J2                                                0.000     0.000 r  reset (IN)
                         net (fo=0)                   0.000     0.000    reset
    J2                   IBUF (Prop_ibuf_I_O)         1.316     1.316 r  reset_IBUF_inst/O
                         net (fo=32, routed)          3.801     5.118    h0/reset_IBUF
    SLICE_X4Y82          LUT3 (Prop_lut3_I0_O)        0.124     5.242 r  h0/hex_grid_OBUF[3]_inst_i_1/O
                         net (fo=1, routed)           3.343     8.585    hex_grid_OBUF[3]
    B3                   OBUF (Prop_obuf_I_O)         2.916    11.501 r  hex_grid_OBUF[3]_inst/O
                         net (fo=0)                   0.000    11.501    hex_grid[3]
    B3                                                                r  hex_grid[3] (OUT)
  -------------------------------------------------------------------    -------------------





Min Delay Paths
--------------------------------------------------------------------------------------
Slack:                    inf
  Source:                 reset
                            (input port)
  Destination:            hex_grid[2]
                            (output port)
  Path Group:             (none)
  Path Type:              Min at Fast Process Corner
  Data Path Delay:        4.399ns  (logic 1.614ns (36.694%)  route 2.785ns (63.306%))
  Logic Levels:           3  (IBUF=1 LUT3=1 OBUF=1)

    Location             Delay type                Incr(ns)  Path(ns)    Netlist Resource(s)
  -------------------------------------------------------------------    -------------------
    J2                                                0.000     0.000 r  reset (IN)
                         net (fo=0)                   0.000     0.000    reset
    J2                   IBUF (Prop_ibuf_I_O)         0.394     0.394 r  reset_IBUF_inst/O
                         net (fo=32, routed)          1.626     2.020    h0/reset_IBUF
    SLICE_X7Y82          LUT3 (Prop_lut3_I0_O)        0.045     2.065 r  h0/hex_grid_OBUF[2]_inst_i_1/O
                         net (fo=1, routed)           1.159     3.223    hex_grid_OBUF[2]
    C3                   OBUF (Prop_obuf_I_O)         1.175     4.399 r  hex_grid_OBUF[2]_inst/O
                         net (fo=0)                   0.000     4.399    hex_grid[2]
    C3                                                                r  hex_grid[2] (OUT)
  -------------------------------------------------------------------    -------------------

Slack:                    inf
  Source:                 reset
                            (input port)
  Destination:            hex_grid[3]
                            (output port)
  Path Group:             (none)
  Path Type:              Min at Fast Process Corner
  Data Path Delay:        4.475ns  (logic 1.619ns (36.177%)  route 2.856ns (63.823%))
  Logic Levels:           3  (IBUF=1 LUT3=1 OBUF=1)

    Location             Delay type                Incr(ns)  Path(ns)    Netlist Resource(s)
  -------------------------------------------------------------------    -------------------
    J2                                                0.000     0.000 r  reset (IN)
                         net (fo=0)                   0.000     0.000    reset
    J2                   IBUF (Prop_ibuf_I_O)         0.394     0.394 r  reset_IBUF_inst/O
                         net (fo=32, routed)          1.707     2.101    h0/reset_IBUF
    SLICE_X4Y82          LUT3 (Prop_lut3_I0_O)        0.045     2.146 r  h0/hex_grid_OBUF[3]_inst_i_1/O
                         net (fo=1, routed)           1.149     3.295    hex_grid_OBUF[3]
    B3                   OBUF (Prop_obuf_I_O)         1.180     4.475 r  hex_grid_OBUF[3]_inst/O
                         net (fo=0)                   0.000     4.475    hex_grid[3]
    B3                                                                r  hex_grid[3] (OUT)
  -------------------------------------------------------------------    -------------------

Slack:                    inf
  Source:                 reset
                            (input port)
  Destination:            hex_seg[5]
                            (output port)
  Path Group:             (none)
  Path Type:              Min at Fast Process Corner
  Data Path Delay:        4.559ns  (logic 1.607ns (35.252%)  route 2.952ns (64.748%))
  Logic Levels:           3  (IBUF=1 LUT6=1 OBUF=1)

    Location             Delay type                Incr(ns)  Path(ns)    Netlist Resource(s)
  -------------------------------------------------------------------    -------------------
    J2                                                0.000     0.000 r  reset (IN)
                         net (fo=0)                   0.000     0.000    reset
    J2                   IBUF (Prop_ibuf_I_O)         0.394     0.394 r  reset_IBUF_inst/O
                         net (fo=32, routed)          2.088     2.482    h0/reset_IBUF
    SLICE_X6Y85          LUT6 (Prop_lut6_I0_O)        0.045     2.527 r  h0/hex_seg_OBUF[5]_inst_i_1/O
                         net (fo=1, routed)           0.864     3.391    hex_seg_OBUF[5]
    D6                   OBUF (Prop_obuf_I_O)         1.169     4.559 r  hex_seg_OBUF[5]_inst/O
                         net (fo=0)                   0.000     4.559    hex_seg[5]
    D6                                                                r  hex_seg[5] (OUT)
  -------------------------------------------------------------------    -------------------

Slack:                    inf
  Source:                 reset
                            (input port)
  Destination:            hex_seg[1]
                            (output port)
  Path Group:             (none)
  Path Type:              Min at Fast Process Corner
  Data Path Delay:        4.560ns  (logic 1.620ns (35.520%)  route 2.940ns (64.480%))
  Logic Levels:           3  (IBUF=1 LUT6=1 OBUF=1)

    Location             Delay type                Incr(ns)  Path(ns)    Netlist Resource(s)
  -------------------------------------------------------------------    -------------------
    J2                                                0.000     0.000 r  reset (IN)
                         net (fo=0)                   0.000     0.000    reset
    J2                   IBUF (Prop_ibuf_I_O)         0.394     0.394 r  reset_IBUF_inst/O
                         net (fo=32, routed)          1.685     2.079    h0/reset_IBUF
    SLICE_X6Y82          LUT6 (Prop_lut6_I0_O)        0.045     2.124 r  h0/hex_seg_OBUF[1]_inst_i_1/O
                         net (fo=1, routed)           1.255     3.379    hex_seg_OBUF[1]
    B4                   OBUF (Prop_obuf_I_O)         1.181     4.560 r  hex_seg_OBUF[1]_inst/O
                         net (fo=0)                   0.000     4.560    hex_seg[1]
    B4                                                                r  hex_seg[1] (OUT)
  -------------------------------------------------------------------    -------------------

Slack:                    inf
  Source:                 reset
                            (input port)
  Destination:            hex_seg[2]
                            (output port)
  Path Group:             (none)
  Path Type:              Min at Fast Process Corner
  Data Path Delay:        4.668ns  (logic 1.612ns (34.523%)  route 3.057ns (65.477%))
  Logic Levels:           3  (IBUF=1 LUT6=1 OBUF=1)

    Location             Delay type                Incr(ns)  Path(ns)    Netlist Resource(s)
  -------------------------------------------------------------------    -------------------
    J2                                                0.000     0.000 r  reset (IN)
                         net (fo=0)                   0.000     0.000    reset
    J2                   IBUF (Prop_ibuf_I_O)         0.394     0.394 r  reset_IBUF_inst/O
                         net (fo=32, routed)          1.949     2.342    h0/reset_IBUF
    SLICE_X6Y85          LUT6 (Prop_lut6_I0_O)        0.045     2.387 r  h0/hex_seg_OBUF[2]_inst_i_1/O
                         net (fo=1, routed)           1.108     3.495    hex_seg_OBUF[2]
    D5                   OBUF (Prop_obuf_I_O)         1.173     4.668 r  hex_seg_OBUF[2]_inst/O
                         net (fo=0)                   0.000     4.668    hex_seg[2]
    D5                                                                r  hex_seg[2] (OUT)
  -------------------------------------------------------------------    -------------------

Slack:                    inf
  Source:                 reset
                            (input port)
  Destination:            hex_grid[0]
                            (output port)
  Path Group:             (none)
  Path Type:              Min at Fast Process Corner
  Data Path Delay:        4.709ns  (logic 1.610ns (34.189%)  route 3.099ns (65.811%))
  Logic Levels:           3  (IBUF=1 LUT3=1 OBUF=1)

    Location             Delay type                Incr(ns)  Path(ns)    Netlist Resource(s)
  -------------------------------------------------------------------    -------------------
    J2                                                0.000     0.000 r  reset (IN)
                         net (fo=0)                   0.000     0.000    reset
    J2                   IBUF (Prop_ibuf_I_O)         0.394     0.394 r  reset_IBUF_inst/O
                         net (fo=32, routed)          1.569     1.963    h0/reset_IBUF
    SLICE_X7Y81          LUT3 (Prop_lut3_I0_O)        0.045     2.008 r  h0/hex_grid_OBUF[0]_inst_i_1/O
                         net (fo=2, routed)           1.530     3.537    hex_grid_OBUF[0]
    G6                   OBUF (Prop_obuf_I_O)         1.171     4.709 r  hex_grid_OBUF[0]_inst/O
                         net (fo=0)                   0.000     4.709    hex_grid[0]
    G6                                                                r  hex_grid[0] (OUT)
  -------------------------------------------------------------------    -------------------

Slack:                    inf
  Source:                 reset
                            (input port)
  Destination:            hex_seg[0]
                            (output port)
  Path Group:             (none)
  Path Type:              Min at Fast Process Corner
  Data Path Delay:        4.765ns  (logic 1.602ns (33.630%)  route 3.162ns (66.370%))
  Logic Levels:           3  (IBUF=1 LUT5=1 OBUF=1)

    Location             Delay type                Incr(ns)  Path(ns)    Netlist Resource(s)
  -------------------------------------------------------------------    -------------------
    J2                                                0.000     0.000 r  reset (IN)
                         net (fo=0)                   0.000     0.000    reset
    J2                   IBUF (Prop_ibuf_I_O)         0.394     0.394 r  reset_IBUF_inst/O
                         net (fo=32, routed)          1.971     2.364    h0/reset_IBUF
    SLICE_X6Y84          LUT5 (Prop_lut5_I4_O)        0.045     2.409 r  h0/hex_seg_OBUF[0]_inst_i_1/O
                         net (fo=1, routed)           1.192     3.601    hex_seg_OBUF[0]
    E6                   OBUF (Prop_obuf_I_O)         1.164     4.765 r  hex_seg_OBUF[0]_inst/O
                         net (fo=0)                   0.000     4.765    hex_seg[0]
    E6                                                                r  hex_seg[0] (OUT)
  -------------------------------------------------------------------    -------------------

Slack:                    inf
  Source:                 reset
                            (input port)
  Destination:            hex_seg[4]
                            (output port)
  Path Group:             (none)
  Path Type:              Min at Fast Process Corner
  Data Path Delay:        4.775ns  (logic 1.618ns (33.890%)  route 3.156ns (66.110%))
  Logic Levels:           3  (IBUF=1 LUT6=1 OBUF=1)

    Location             Delay type                Incr(ns)  Path(ns)    Netlist Resource(s)
  -------------------------------------------------------------------    -------------------
    J2                                                0.000     0.000 r  reset (IN)
                         net (fo=0)                   0.000     0.000    reset
    J2                   IBUF (Prop_ibuf_I_O)         0.394     0.394 r  reset_IBUF_inst/O
                         net (fo=32, routed)          1.885     2.279    h0/reset_IBUF
    SLICE_X5Y83          LUT6 (Prop_lut6_I0_O)        0.045     2.324 r  h0/hex_seg_OBUF[4]_inst_i_1/O
                         net (fo=1, routed)           1.271     3.595    hex_seg_OBUF[4]
    D7                   OBUF (Prop_obuf_I_O)         1.180     4.775 r  hex_seg_OBUF[4]_inst/O
                         net (fo=0)                   0.000     4.775    hex_seg[4]
    D7                                                                r  hex_seg[4] (OUT)
  -------------------------------------------------------------------    -------------------

Slack:                    inf
  Source:                 reset
                            (input port)
  Destination:            hex_seg[6]
                            (output port)
  Path Group:             (none)
  Path Type:              Min at Fast Process Corner
  Data Path Delay:        4.779ns  (logic 1.617ns (33.829%)  route 3.163ns (66.171%))
  Logic Levels:           3  (IBUF=1 LUT6=1 OBUF=1)

    Location             Delay type                Incr(ns)  Path(ns)    Netlist Resource(s)
  -------------------------------------------------------------------    -------------------
    J2                                                0.000     0.000 r  reset (IN)
                         net (fo=0)                   0.000     0.000    reset
    J2                   IBUF (Prop_ibuf_I_O)         0.394     0.394 r  reset_IBUF_inst/O
                         net (fo=32, routed)          1.948     2.342    h0/reset_IBUF
    SLICE_X5Y84          LUT6 (Prop_lut6_I0_O)        0.045     2.387 r  h0/hex_seg_OBUF[6]_inst_i_1/O
                         net (fo=1, routed)           1.215     3.601    hex_seg_OBUF[6]
    C4                   OBUF (Prop_obuf_I_O)         1.178     4.779 r  hex_seg_OBUF[6]_inst/O
                         net (fo=0)                   0.000     4.779    hex_seg[6]
    C4                                                                r  hex_seg[6] (OUT)
  -------------------------------------------------------------------    -------------------

Slack:                    inf
  Source:                 reset
                            (input port)
  Destination:            hex_seg[3]
                            (output port)
  Path Group:             (none)
  Path Type:              Min at Fast Process Corner
  Data Path Delay:        4.802ns  (logic 1.610ns (33.534%)  route 3.192ns (66.466%))
  Logic Levels:           3  (IBUF=1 LUT5=1 OBUF=1)

    Location             Delay type                Incr(ns)  Path(ns)    Netlist Resource(s)
  -------------------------------------------------------------------    -------------------
    J2                                                0.000     0.000 r  reset (IN)
                         net (fo=0)                   0.000     0.000    reset
    J2                   IBUF (Prop_ibuf_I_O)         0.394     0.394 r  reset_IBUF_inst/O
                         net (fo=32, routed)          1.909     2.302    h0/reset_IBUF
    SLICE_X6Y84          LUT5 (Prop_lut5_I4_O)        0.045     2.347 r  h0/hex_seg_OBUF[3]_inst_i_1/O
                         net (fo=1, routed)           1.283     3.630    hex_seg_OBUF[3]
    C5                   OBUF (Prop_obuf_I_O)         1.172     4.802 r  hex_seg_OBUF[3]_inst/O
                         net (fo=0)                   0.000     4.802    hex_seg[3]
    C5                                                                r  hex_seg[3] (OUT)
  -------------------------------------------------------------------    -------------------





--------------------------------------------------------------------------------------
Path Group:  (none)
From Clock:  sys_clk
  To Clock:  

Max Delay            28 Endpoints
Min Delay            28 Endpoints
--------------------------------------------------------------------------------------


Max Delay Paths
--------------------------------------------------------------------------------------
Slack:                    inf
  Source:                 h0/counter_reg[16]/C
                            (rising edge-triggered cell FDRE clocked by sys_clk  {rise@0.000ns fall@10.000ns period=20.000ns})
  Destination:            hex_seg[4]
                            (output port)
  Path Group:             (none)
  Path Type:              Max at Slow Process Corner
  Data Path Delay:        11.023ns  (logic 3.868ns (35.085%)  route 7.156ns (64.915%))
  Logic Levels:           5  (LUT3=1 LUT5=1 LUT6=2 OBUF=1)
  Clock Uncertainty:      0.025ns  ((TSJ^2 + TIJ^2)^1/2 + DJ) / 2 + PE
    Total System Jitter     (TSJ):    0.050ns
    Total Input Jitter      (TIJ):    0.000ns
    Discrete Jitter          (DJ):    0.000ns
    Phase Error              (PE):    0.000ns

    Location             Delay type                Incr(ns)  Path(ns)    Netlist Resource(s)
  -------------------------------------------------------------------    -------------------
                         (clock sys_clk rise edge)    0.000     0.000 r  
    N15                                               0.000     0.000 r  clk (IN)
                         net (fo=0)                   0.000     0.000    clk
    N15                  IBUF (Prop_ibuf_I_O)         1.440     1.440 r  clk_IBUF_inst/O
                         net (fo=1, routed)           1.972     3.412    clk_IBUF
    BUFGCTRL_X0Y0        BUFG (Prop_bufg_I_O)         0.096     3.508 r  clk_IBUF_BUFG_inst/O
                         net (fo=242, routed)         1.619     5.127    h0/clk_IBUF_BUFG
    SLICE_X7Y87          FDRE                                         r  h0/counter_reg[16]/C
  -------------------------------------------------------------------    -------------------
    SLICE_X7Y87          FDRE (Prop_fdre_C_Q)         0.456     5.583 r  h0/counter_reg[16]/Q
                         net (fo=19, routed)          1.492     7.075    h0/p_0_in[1]
    SLICE_X7Y81          LUT3 (Prop_lut3_I0_O)        0.124     7.199 f  h0/hex_seg_OBUF[6]_inst_i_7/O
                         net (fo=4, routed)           0.439     7.637    h0/hex_seg_OBUF[6]_inst_i_7_n_0
    SLICE_X6Y82          LUT5 (Prop_lut5_I0_O)        0.124     7.761 f  h0/hex_seg_OBUF[4]_inst_i_5/O
                         net (fo=1, routed)           0.684     8.445    h0/hex_seg_OBUF[4]_inst_i_5_n_0
    SLICE_X7Y82          LUT6 (Prop_lut6_I5_O)        0.124     8.569 f  h0/hex_seg_OBUF[4]_inst_i_4/O
                         net (fo=1, routed)           0.930     9.499    h0/hex_seg_OBUF[4]_inst_i_4_n_0
    SLICE_X5Y83          LUT6 (Prop_lut6_I5_O)        0.124     9.623 r  h0/hex_seg_OBUF[4]_inst_i_1/O
                         net (fo=1, routed)           3.611    13.235    hex_seg_OBUF[4]
    D7                   OBUF (Prop_obuf_I_O)         2.916    16.150 r  hex_seg_OBUF[4]_inst/O
                         net (fo=0)                   0.000    16.150    hex_seg[4]
    D7                                                                r  hex_seg[4] (OUT)
  -------------------------------------------------------------------    -------------------

Slack:                    inf
  Source:                 h0/counter_reg[16]/C
                            (rising edge-triggered cell FDRE clocked by sys_clk  {rise@0.000ns fall@10.000ns period=20.000ns})
  Destination:            hex_seg[2]
                            (output port)
  Path Group:             (none)
  Path Type:              Max at Slow Process Corner
  Data Path Delay:        10.935ns  (logic 4.078ns (37.293%)  route 6.857ns (62.707%))
  Logic Levels:           5  (LUT3=1 LUT5=1 LUT6=2 OBUF=1)
  Clock Uncertainty:      0.025ns  ((TSJ^2 + TIJ^2)^1/2 + DJ) / 2 + PE
    Total System Jitter     (TSJ):    0.050ns
    Total Input Jitter      (TIJ):    0.000ns
    Discrete Jitter          (DJ):    0.000ns
    Phase Error              (PE):    0.000ns

    Location             Delay type                Incr(ns)  Path(ns)    Netlist Resource(s)
  -------------------------------------------------------------------    -------------------
                         (clock sys_clk rise edge)    0.000     0.000 r  
    N15                                               0.000     0.000 r  clk (IN)
                         net (fo=0)                   0.000     0.000    clk
    N15                  IBUF (Prop_ibuf_I_O)         1.440     1.440 r  clk_IBUF_inst/O
                         net (fo=1, routed)           1.972     3.412    clk_IBUF
    BUFGCTRL_X0Y0        BUFG (Prop_bufg_I_O)         0.096     3.508 r  clk_IBUF_BUFG_inst/O
                         net (fo=242, routed)         1.619     5.127    h0/clk_IBUF_BUFG
    SLICE_X7Y87          FDRE                                         r  h0/counter_reg[16]/C
  -------------------------------------------------------------------    -------------------
    SLICE_X7Y87          FDRE (Prop_fdre_C_Q)         0.456     5.583 r  h0/counter_reg[16]/Q
                         net (fo=19, routed)          1.492     7.075    h0/p_0_in[1]
    SLICE_X7Y81          LUT3 (Prop_lut3_I0_O)        0.124     7.199 f  h0/hex_seg_OBUF[6]_inst_i_7/O
                         net (fo=4, routed)           0.439     7.637    h0/hex_seg_OBUF[6]_inst_i_7_n_0
    SLICE_X6Y82          LUT5 (Prop_lut5_I0_O)        0.117     7.754 f  h0/hex_seg_OBUF[2]_inst_i_5/O
                         net (fo=1, routed)           0.577     8.331    h0/hex_seg_OBUF[2]_inst_i_5_n_0
    SLICE_X7Y82          LUT6 (Prop_lut6_I5_O)        0.348     8.679 f  h0/hex_seg_OBUF[2]_inst_i_4/O
                         net (fo=1, routed)           1.139     9.819    h0/hex_seg_OBUF[2]_inst_i_4_n_0
    SLICE_X6Y85          LUT6 (Prop_lut6_I5_O)        0.124     9.943 r  h0/hex_seg_OBUF[2]_inst_i_1/O
                         net (fo=1, routed)           3.210    13.153    hex_seg_OBUF[2]
    D5                   OBUF (Prop_obuf_I_O)         2.909    16.062 r  hex_seg_OBUF[2]_inst/O
                         net (fo=0)                   0.000    16.062    hex_seg[2]
    D5                                                                r  hex_seg[2] (OUT)
  -------------------------------------------------------------------    -------------------

Slack:                    inf
  Source:                 h0/counter_reg[16]/C
                            (rising edge-triggered cell FDRE clocked by sys_clk  {rise@0.000ns fall@10.000ns period=20.000ns})
  Destination:            hex_seg[6]
                            (output port)
  Path Group:             (none)
  Path Type:              Max at Slow Process Corner
  Data Path Delay:        10.587ns  (logic 4.062ns (38.369%)  route 6.525ns (61.631%))
  Logic Levels:           5  (LUT3=1 LUT5=1 LUT6=2 OBUF=1)
  Clock Uncertainty:      0.025ns  ((TSJ^2 + TIJ^2)^1/2 + DJ) / 2 + PE
    Total System Jitter     (TSJ):    0.050ns
    Total Input Jitter      (TIJ):    0.000ns
    Discrete Jitter          (DJ):    0.000ns
    Phase Error              (PE):    0.000ns

    Location             Delay type                Incr(ns)  Path(ns)    Netlist Resource(s)
  -------------------------------------------------------------------    -------------------
                         (clock sys_clk rise edge)    0.000     0.000 r  
    N15                                               0.000     0.000 r  clk (IN)
                         net (fo=0)                   0.000     0.000    clk
    N15                  IBUF (Prop_ibuf_I_O)         1.440     1.440 r  clk_IBUF_inst/O
                         net (fo=1, routed)           1.972     3.412    clk_IBUF
    BUFGCTRL_X0Y0        BUFG (Prop_bufg_I_O)         0.096     3.508 r  clk_IBUF_BUFG_inst/O
                         net (fo=242, routed)         1.619     5.127    h0/clk_IBUF_BUFG
    SLICE_X7Y87          FDRE                                         r  h0/counter_reg[16]/C
  -------------------------------------------------------------------    -------------------
    SLICE_X7Y87          FDRE (Prop_fdre_C_Q)         0.456     5.583 r  h0/counter_reg[16]/Q
                         net (fo=19, routed)          1.492     7.075    h0/p_0_in[1]
    SLICE_X7Y81          LUT3 (Prop_lut3_I0_O)        0.124     7.199 f  h0/hex_seg_OBUF[6]_inst_i_7/O
                         net (fo=4, routed)           0.428     7.626    h0/hex_seg_OBUF[6]_inst_i_7_n_0
    SLICE_X6Y83          LUT5 (Prop_lut5_I0_O)        0.116     7.742 f  h0/hex_seg_OBUF[6]_inst_i_6/O
                         net (fo=1, routed)           0.803     8.545    h0/hex_seg_OBUF[6]_inst_i_6_n_0
    SLICE_X5Y83          LUT6 (Prop_lut6_I5_O)        0.328     8.873 f  h0/hex_seg_OBUF[6]_inst_i_4/O
                         net (fo=1, routed)           0.289     9.162    h0/hex_seg_OBUF[6]_inst_i_4_n_0
    SLICE_X5Y84          LUT6 (Prop_lut6_I5_O)        0.124     9.286 r  h0/hex_seg_OBUF[6]_inst_i_1/O
                         net (fo=1, routed)           3.514    12.800    hex_seg_OBUF[6]
    C4                   OBUF (Prop_obuf_I_O)         2.914    15.714 r  hex_seg_OBUF[6]_inst/O
                         net (fo=0)                   0.000    15.714    hex_seg[6]
    C4                                                                r  hex_seg[6] (OUT)
  -------------------------------------------------------------------    -------------------

Slack:                    inf
  Source:                 h0/counter_reg[16]/C
                            (rising edge-triggered cell FDRE clocked by sys_clk  {rise@0.000ns fall@10.000ns period=20.000ns})
  Destination:            hex_seg[1]
                            (output port)
  Path Group:             (none)
  Path Type:              Max at Slow Process Corner
  Data Path Delay:        10.039ns  (logic 3.869ns (38.544%)  route 6.169ns (61.456%))
  Logic Levels:           5  (LUT3=1 LUT5=1 LUT6=2 OBUF=1)
  Clock Uncertainty:      0.025ns  ((TSJ^2 + TIJ^2)^1/2 + DJ) / 2 + PE
    Total System Jitter     (TSJ):    0.050ns
    Total Input Jitter      (TIJ):    0.000ns
    Discrete Jitter          (DJ):    0.000ns
    Phase Error              (PE):    0.000ns

    Location             Delay type                Incr(ns)  Path(ns)    Netlist Resource(s)
  -------------------------------------------------------------------    -------------------
                         (clock sys_clk rise edge)    0.000     0.000 r  
    N15                                               0.000     0.000 r  clk (IN)
                         net (fo=0)                   0.000     0.000    clk
    N15                  IBUF (Prop_ibuf_I_O)         1.440     1.440 r  clk_IBUF_inst/O
                         net (fo=1, routed)           1.972     3.412    clk_IBUF
    BUFGCTRL_X0Y0        BUFG (Prop_bufg_I_O)         0.096     3.508 r  clk_IBUF_BUFG_inst/O
                         net (fo=242, routed)         1.619     5.127    h0/clk_IBUF_BUFG
    SLICE_X7Y87          FDRE                                         r  h0/counter_reg[16]/C
  -------------------------------------------------------------------    -------------------
    SLICE_X7Y87          FDRE (Prop_fdre_C_Q)         0.456     5.583 r  h0/counter_reg[16]/Q
                         net (fo=19, routed)          1.491     7.074    h0/p_0_in[1]
    SLICE_X7Y81          LUT3 (Prop_lut3_I2_O)        0.124     7.198 r  h0/hex_grid_OBUF[0]_inst_i_1/O
                         net (fo=2, routed)           0.450     7.648    h0/hex_grid_OBUF[0]
    SLICE_X4Y82          LUT5 (Prop_lut5_I0_O)        0.124     7.772 f  h0/hex_seg_OBUF[1]_inst_i_6/O
                         net (fo=1, routed)           0.280     8.052    h0/hex_seg_OBUF[1]_inst_i_6_n_0
    SLICE_X4Y82          LUT6 (Prop_lut6_I5_O)        0.124     8.175 f  h0/hex_seg_OBUF[1]_inst_i_4/O
                         net (fo=1, routed)           0.414     8.590    h0/hex_seg_OBUF[1]_inst_i_4_n_0
    SLICE_X6Y82          LUT6 (Prop_lut6_I5_O)        0.124     8.714 r  h0/hex_seg_OBUF[1]_inst_i_1/O
                         net (fo=1, routed)           3.534    12.248    hex_seg_OBUF[1]
    B4                   OBUF (Prop_obuf_I_O)         2.917    15.166 r  hex_seg_OBUF[1]_inst/O
                         net (fo=0)                   0.000    15.166    hex_seg[1]
    B4                                                                r  hex_seg[1] (OUT)
  -------------------------------------------------------------------    -------------------

Slack:                    inf
  Source:                 Bval_reg[3]/C
                            (rising edge-triggered cell FDRE clocked by sys_clk  {rise@0.000ns fall@10.000ns period=20.000ns})
  Destination:            hex_seg[3]
                            (output port)
  Path Group:             (none)
  Path Type:              Max at Slow Process Corner
  Data Path Delay:        10.011ns  (logic 3.798ns (37.937%)  route 6.213ns (62.063%))
  Logic Levels:           4  (LUT4=1 LUT5=1 LUT6=1 OBUF=1)
  Clock Uncertainty:      0.025ns  ((TSJ^2 + TIJ^2)^1/2 + DJ) / 2 + PE
    Total System Jitter     (TSJ):    0.050ns
    Total Input Jitter      (TIJ):    0.000ns
    Discrete Jitter          (DJ):    0.000ns
    Phase Error              (PE):    0.000ns

    Location             Delay type                Incr(ns)  Path(ns)    Netlist Resource(s)
  -------------------------------------------------------------------    -------------------
                         (clock sys_clk rise edge)    0.000     0.000 r  
    N15                                               0.000     0.000 r  clk (IN)
                         net (fo=0)                   0.000     0.000    clk
    N15                  IBUF (Prop_ibuf_I_O)         1.440     1.440 r  clk_IBUF_inst/O
                         net (fo=1, routed)           1.972     3.412    clk_IBUF
    BUFGCTRL_X0Y0        BUFG (Prop_bufg_I_O)         0.096     3.508 r  clk_IBUF_BUFG_inst/O
                         net (fo=242, routed)         1.617     5.125    clk_IBUF_BUFG
    SLICE_X2Y82          FDRE                                         r  Bval_reg[3]/C
  -------------------------------------------------------------------    -------------------
    SLICE_X2Y82          FDRE (Prop_fdre_C_Q)         0.518     5.643 r  Bval_reg[3]/Q
                         net (fo=8, routed)           1.160     6.803    Bval_OBUF[3]
    SLICE_X6Y84          LUT4 (Prop_lut4_I0_O)        0.124     6.927 f  hex_seg_OBUF[3]_inst_i_5/O
                         net (fo=1, routed)           0.658     7.585    h0/hex_seg_OBUF[3]_inst_i_1_0
    SLICE_X6Y85          LUT6 (Prop_lut6_I5_O)        0.124     7.709 f  h0/hex_seg_OBUF[3]_inst_i_2/O
                         net (fo=1, routed)           0.796     8.505    h0/hex_seg_OBUF[3]_inst_i_2_n_0
    SLICE_X6Y84          LUT5 (Prop_lut5_I0_O)        0.124     8.629 r  h0/hex_seg_OBUF[3]_inst_i_1/O
                         net (fo=1, routed)           3.599    12.228    hex_seg_OBUF[3]
    C5                   OBUF (Prop_obuf_I_O)         2.908    15.135 r  hex_seg_OBUF[3]_inst/O
                         net (fo=0)                   0.000    15.135    hex_seg[3]
    C5                                                                r  hex_seg[3] (OUT)
  -------------------------------------------------------------------    -------------------

Slack:                    inf
  Source:                 h0/counter_reg[16]/C
                            (rising edge-triggered cell FDRE clocked by sys_clk  {rise@0.000ns fall@10.000ns period=20.000ns})
  Destination:            hex_seg[5]
                            (output port)
  Path Group:             (none)
  Path Type:              Max at Slow Process Corner
  Data Path Delay:        9.939ns  (logic 3.857ns (38.804%)  route 6.082ns (61.196%))
  Logic Levels:           5  (LUT3=1 LUT5=1 LUT6=2 OBUF=1)
  Clock Uncertainty:      0.025ns  ((TSJ^2 + TIJ^2)^1/2 + DJ) / 2 + PE
    Total System Jitter     (TSJ):    0.050ns
    Total Input Jitter      (TIJ):    0.000ns
    Discrete Jitter          (DJ):    0.000ns
    Phase Error              (PE):    0.000ns

    Location             Delay type                Incr(ns)  Path(ns)    Netlist Resource(s)
  -------------------------------------------------------------------    -------------------
                         (clock sys_clk rise edge)    0.000     0.000 r  
    N15                                               0.000     0.000 r  clk (IN)
                         net (fo=0)                   0.000     0.000    clk
    N15                  IBUF (Prop_ibuf_I_O)         1.440     1.440 r  clk_IBUF_inst/O
                         net (fo=1, routed)           1.972     3.412    clk_IBUF
    BUFGCTRL_X0Y0        BUFG (Prop_bufg_I_O)         0.096     3.508 r  clk_IBUF_BUFG_inst/O
                         net (fo=242, routed)         1.619     5.127    h0/clk_IBUF_BUFG
    SLICE_X7Y87          FDRE                                         r  h0/counter_reg[16]/C
  -------------------------------------------------------------------    -------------------
    SLICE_X7Y87          FDRE (Prop_fdre_C_Q)         0.456     5.583 r  h0/counter_reg[16]/Q
                         net (fo=19, routed)          1.492     7.075    h0/p_0_in[1]
    SLICE_X7Y81          LUT3 (Prop_lut3_I0_O)        0.124     7.199 f  h0/hex_seg_OBUF[6]_inst_i_7/O
                         net (fo=4, routed)           0.428     7.626    h0/hex_seg_OBUF[6]_inst_i_7_n_0
    SLICE_X6Y83          LUT5 (Prop_lut5_I0_O)        0.124     7.750 f  h0/hex_seg_OBUF[5]_inst_i_5/O
                         net (fo=1, routed)           0.689     8.440    h0/hex_seg_OBUF[5]_inst_i_5_n_0
    SLICE_X6Y83          LUT6 (Prop_lut6_I5_O)        0.124     8.564 f  h0/hex_seg_OBUF[5]_inst_i_4/O
                         net (fo=1, routed)           0.669     9.233    h0/hex_seg_OBUF[5]_inst_i_4_n_0
    SLICE_X6Y85          LUT6 (Prop_lut6_I5_O)        0.124     9.357 r  h0/hex_seg_OBUF[5]_inst_i_1/O
                         net (fo=1, routed)           2.804    12.161    hex_seg_OBUF[5]
    D6                   OBUF (Prop_obuf_I_O)         2.905    15.066 r  hex_seg_OBUF[5]_inst/O
                         net (fo=0)                   0.000    15.066    hex_seg[5]
    D6                                                                r  hex_seg[5] (OUT)
  -------------------------------------------------------------------    -------------------

Slack:                    inf
  Source:                 Aval_reg[6]/C
                            (rising edge-triggered cell FDRE clocked by sys_clk  {rise@0.000ns fall@10.000ns period=20.000ns})
  Destination:            hex_seg[0]
                            (output port)
  Path Group:             (none)
  Path Type:              Max at Slow Process Corner
  Data Path Delay:        9.535ns  (logic 3.797ns (39.817%)  route 5.739ns (60.183%))
  Logic Levels:           3  (LUT5=1 LUT6=1 OBUF=1)
  Clock Uncertainty:      0.025ns  ((TSJ^2 + TIJ^2)^1/2 + DJ) / 2 + PE
    Total System Jitter     (TSJ):    0.050ns
    Total Input Jitter      (TIJ):    0.000ns
    Discrete Jitter          (DJ):    0.000ns
    Phase Error              (PE):    0.000ns

    Location             Delay type                Incr(ns)  Path(ns)    Netlist Resource(s)
  -------------------------------------------------------------------    -------------------
                         (clock sys_clk rise edge)    0.000     0.000 r  
    N15                                               0.000     0.000 r  clk (IN)
                         net (fo=0)                   0.000     0.000    clk
    N15                  IBUF (Prop_ibuf_I_O)         1.440     1.440 r  clk_IBUF_inst/O
                         net (fo=1, routed)           1.972     3.412    clk_IBUF
    BUFGCTRL_X0Y0        BUFG (Prop_bufg_I_O)         0.096     3.508 r  clk_IBUF_BUFG_inst/O
                         net (fo=242, routed)         1.614     5.122    clk_IBUF_BUFG
    SLICE_X2Y80          FDRE                                         r  Aval_reg[6]/C
  -------------------------------------------------------------------    -------------------
    SLICE_X2Y80          FDRE (Prop_fdre_C_Q)         0.478     5.600 r  Aval_reg[6]/Q
                         net (fo=17, routed)          1.685     7.285    h0/Aval_OBUF[6]
    SLICE_X6Y83          LUT6 (Prop_lut6_I2_O)        0.295     7.580 r  h0/hex_seg_OBUF[0]_inst_i_3/O
                         net (fo=1, routed)           0.659     8.239    h0/hex_seg_OBUF[0]_inst_i_3_n_0
    SLICE_X6Y84          LUT5 (Prop_lut5_I2_O)        0.124     8.363 r  h0/hex_seg_OBUF[0]_inst_i_1/O
                         net (fo=1, routed)           3.395    11.758    hex_seg_OBUF[0]
    E6                   OBUF (Prop_obuf_I_O)         2.900    14.657 r  hex_seg_OBUF[0]_inst/O
                         net (fo=0)                   0.000    14.657    hex_seg[0]
    E6                                                                r  hex_seg[0] (OUT)
  -------------------------------------------------------------------    -------------------

Slack:                    inf
  Source:                 h0/counter_reg[16]/C
                            (rising edge-triggered cell FDRE clocked by sys_clk  {rise@0.000ns fall@10.000ns period=20.000ns})
  Destination:            hex_grid[1]
                            (output port)
  Path Group:             (none)
  Path Type:              Max at Slow Process Corner
  Data Path Delay:        9.432ns  (logic 3.710ns (39.337%)  route 5.722ns (60.663%))
  Logic Levels:           2  (LUT3=1 OBUF=1)
  Clock Uncertainty:      0.025ns  ((TSJ^2 + TIJ^2)^1/2 + DJ) / 2 + PE
    Total System Jitter     (TSJ):    0.050ns
    Total Input Jitter      (TIJ):    0.000ns
    Discrete Jitter          (DJ):    0.000ns
    Phase Error              (PE):    0.000ns

    Location             Delay type                Incr(ns)  Path(ns)    Netlist Resource(s)
  -------------------------------------------------------------------    -------------------
                         (clock sys_clk rise edge)    0.000     0.000 r  
    N15                                               0.000     0.000 r  clk (IN)
                         net (fo=0)                   0.000     0.000    clk
    N15                  IBUF (Prop_ibuf_I_O)         1.440     1.440 r  clk_IBUF_inst/O
                         net (fo=1, routed)           1.972     3.412    clk_IBUF
    BUFGCTRL_X0Y0        BUFG (Prop_bufg_I_O)         0.096     3.508 r  clk_IBUF_BUFG_inst/O
                         net (fo=242, routed)         1.619     5.127    h0/clk_IBUF_BUFG
    SLICE_X7Y87          FDRE                                         r  h0/counter_reg[16]/C
  -------------------------------------------------------------------    -------------------
    SLICE_X7Y87          FDRE (Prop_fdre_C_Q)         0.456     5.583 r  h0/counter_reg[16]/Q
                         net (fo=19, routed)          1.492     7.075    h0/p_0_in[1]
    SLICE_X7Y81          LUT3 (Prop_lut3_I2_O)        0.152     7.227 r  h0/hex_grid_OBUF[1]_inst_i_1/O
                         net (fo=1, routed)           4.230    11.457    hex_grid_OBUF[1]
    H6                   OBUF (Prop_obuf_I_O)         3.102    14.559 r  hex_grid_OBUF[1]_inst/O
                         net (fo=0)                   0.000    14.559    hex_grid[1]
    H6                                                                r  hex_grid[1] (OUT)
  -------------------------------------------------------------------    -------------------

Slack:                    inf
  Source:                 h0/counter_reg[16]/C
                            (rising edge-triggered cell FDRE clocked by sys_clk  {rise@0.000ns fall@10.000ns period=20.000ns})
  Destination:            hex_grid[0]
                            (output port)
  Path Group:             (none)
  Path Type:              Max at Slow Process Corner
  Data Path Delay:        9.077ns  (logic 3.487ns (38.420%)  route 5.589ns (61.580%))
  Logic Levels:           2  (LUT3=1 OBUF=1)
  Clock Uncertainty:      0.025ns  ((TSJ^2 + TIJ^2)^1/2 + DJ) / 2 + PE
    Total System Jitter     (TSJ):    0.050ns
    Total Input Jitter      (TIJ):    0.000ns
    Discrete Jitter          (DJ):    0.000ns
    Phase Error              (PE):    0.000ns

    Location             Delay type                Incr(ns)  Path(ns)    Netlist Resource(s)
  -------------------------------------------------------------------    -------------------
                         (clock sys_clk rise edge)    0.000     0.000 r  
    N15                                               0.000     0.000 r  clk (IN)
                         net (fo=0)                   0.000     0.000    clk
    N15                  IBUF (Prop_ibuf_I_O)         1.440     1.440 r  clk_IBUF_inst/O
                         net (fo=1, routed)           1.972     3.412    clk_IBUF
    BUFGCTRL_X0Y0        BUFG (Prop_bufg_I_O)         0.096     3.508 r  clk_IBUF_BUFG_inst/O
                         net (fo=242, routed)         1.619     5.127    h0/clk_IBUF_BUFG
    SLICE_X7Y87          FDRE                                         r  h0/counter_reg[16]/C
  -------------------------------------------------------------------    -------------------
    SLICE_X7Y87          FDRE (Prop_fdre_C_Q)         0.456     5.583 r  h0/counter_reg[16]/Q
                         net (fo=19, routed)          1.491     7.074    h0/p_0_in[1]
    SLICE_X7Y81          LUT3 (Prop_lut3_I2_O)        0.124     7.198 r  h0/hex_grid_OBUF[0]_inst_i_1/O
                         net (fo=2, routed)           4.099    11.296    hex_grid_OBUF[0]
    G6                   OBUF (Prop_obuf_I_O)         2.907    14.204 r  hex_grid_OBUF[0]_inst/O
                         net (fo=0)                   0.000    14.204    hex_grid[0]
    G6                                                                r  hex_grid[0] (OUT)
  -------------------------------------------------------------------    -------------------

Slack:                    inf
  Source:                 h0/counter_reg[16]/C
                            (rising edge-triggered cell FDRE clocked by sys_clk  {rise@0.000ns fall@10.000ns period=20.000ns})
  Destination:            hex_grid[3]
                            (output port)
  Path Group:             (none)
  Path Type:              Max at Slow Process Corner
  Data Path Delay:        8.314ns  (logic 3.496ns (42.055%)  route 4.818ns (57.945%))
  Logic Levels:           2  (LUT3=1 OBUF=1)
  Clock Uncertainty:      0.025ns  ((TSJ^2 + TIJ^2)^1/2 + DJ) / 2 + PE
    Total System Jitter     (TSJ):    0.050ns
    Total Input Jitter      (TIJ):    0.000ns
    Discrete Jitter          (DJ):    0.000ns
    Phase Error              (PE):    0.000ns

    Location             Delay type                Incr(ns)  Path(ns)    Netlist Resource(s)
  -------------------------------------------------------------------    -------------------
                         (clock sys_clk rise edge)    0.000     0.000 r  
    N15                                               0.000     0.000 r  clk (IN)
                         net (fo=0)                   0.000     0.000    clk
    N15                  IBUF (Prop_ibuf_I_O)         1.440     1.440 r  clk_IBUF_inst/O
                         net (fo=1, routed)           1.972     3.412    clk_IBUF
    BUFGCTRL_X0Y0        BUFG (Prop_bufg_I_O)         0.096     3.508 r  clk_IBUF_BUFG_inst/O
                         net (fo=242, routed)         1.619     5.127    h0/clk_IBUF_BUFG
    SLICE_X7Y87          FDRE                                         r  h0/counter_reg[16]/C
  -------------------------------------------------------------------    -------------------
    SLICE_X7Y87          FDRE (Prop_fdre_C_Q)         0.456     5.583 f  h0/counter_reg[16]/Q
                         net (fo=19, routed)          1.475     7.058    h0/p_0_in[1]
    SLICE_X4Y82          LUT3 (Prop_lut3_I2_O)        0.124     7.182 r  h0/hex_grid_OBUF[3]_inst_i_1/O
                         net (fo=1, routed)           3.343    10.524    hex_grid_OBUF[3]
    B3                   OBUF (Prop_obuf_I_O)         2.916    13.441 r  hex_grid_OBUF[3]_inst/O
                         net (fo=0)                   0.000    13.441    hex_grid[3]
    B3                                                                r  hex_grid[3] (OUT)
  -------------------------------------------------------------------    -------------------





Min Delay Paths
--------------------------------------------------------------------------------------
Slack:                    inf
  Source:                 Bval_reg[1]_lopt_replica/C
                            (rising edge-triggered cell FDRE clocked by sys_clk  {rise@0.000ns fall@10.000ns period=20.000ns})
  Destination:            Bval[1]
                            (output port)
  Path Group:             (none)
  Path Type:              Min at Fast Process Corner
  Data Path Delay:        1.716ns  (logic 1.356ns (79.007%)  route 0.360ns (20.993%))
  Logic Levels:           1  (OBUF=1)
  Clock Uncertainty:      0.025ns  ((TSJ^2 + TIJ^2)^1/2 + DJ) / 2 + PE
    Total System Jitter     (TSJ):    0.050ns
    Total Input Jitter      (TIJ):    0.000ns
    Discrete Jitter          (DJ):    0.000ns
    Phase Error              (PE):    0.000ns

    Location             Delay type                Incr(ns)  Path(ns)    Netlist Resource(s)
  -------------------------------------------------------------------    -------------------
                         (clock sys_clk rise edge)    0.000     0.000 r  
    N15                                               0.000     0.000 r  clk (IN)
                         net (fo=0)                   0.000     0.000    clk
    N15                  IBUF (Prop_ibuf_I_O)         0.209     0.209 r  clk_IBUF_inst/O
                         net (fo=1, routed)           0.634     0.843    clk_IBUF
    BUFGCTRL_X0Y0        BUFG (Prop_bufg_I_O)         0.026     0.869 r  clk_IBUF_BUFG_inst/O
                         net (fo=242, routed)         0.586     1.454    clk_IBUF_BUFG
    SLICE_X5Y83          FDRE                                         r  Bval_reg[1]_lopt_replica/C
  -------------------------------------------------------------------    -------------------
    SLICE_X5Y83          FDRE (Prop_fdre_C_Q)         0.141     1.595 r  Bval_reg[1]_lopt_replica/Q
                         net (fo=1, routed)           0.360     1.956    Bval_reg[1]_lopt_replica_1
    C14                  OBUF (Prop_obuf_I_O)         1.215     3.170 r  Bval_OBUF[1]_inst/O
                         net (fo=0)                   0.000     3.170    Bval[1]
    C14                                                               r  Bval[1] (OUT)
  -------------------------------------------------------------------    -------------------

Slack:                    inf
  Source:                 Bval_reg[4]_lopt_replica/C
                            (rising edge-triggered cell FDRE clocked by sys_clk  {rise@0.000ns fall@10.000ns period=20.000ns})
  Destination:            Bval[4]
                            (output port)
  Path Group:             (none)
  Path Type:              Min at Fast Process Corner
  Data Path Delay:        1.739ns  (logic 1.412ns (81.210%)  route 0.327ns (18.790%))
  Logic Levels:           1  (OBUF=1)
  Clock Uncertainty:      0.025ns  ((TSJ^2 + TIJ^2)^1/2 + DJ) / 2 + PE
    Total System Jitter     (TSJ):    0.050ns
    Total Input Jitter      (TIJ):    0.000ns
    Discrete Jitter          (DJ):    0.000ns
    Phase Error              (PE):    0.000ns

    Location             Delay type                Incr(ns)  Path(ns)    Netlist Resource(s)
  -------------------------------------------------------------------    -------------------
                         (clock sys_clk rise edge)    0.000     0.000 r  
    N15                                               0.000     0.000 r  clk (IN)
                         net (fo=0)                   0.000     0.000    clk
    N15                  IBUF (Prop_ibuf_I_O)         0.209     0.209 r  clk_IBUF_inst/O
                         net (fo=1, routed)           0.634     0.843    clk_IBUF
    BUFGCTRL_X0Y0        BUFG (Prop_bufg_I_O)         0.026     0.869 r  clk_IBUF_BUFG_inst/O
                         net (fo=242, routed)         0.587     1.455    clk_IBUF_BUFG
    SLICE_X2Y82          FDRE                                         r  Bval_reg[4]_lopt_replica/C
  -------------------------------------------------------------------    -------------------
    SLICE_X2Y82          FDRE (Prop_fdre_C_Q)         0.164     1.619 r  Bval_reg[4]_lopt_replica/Q
                         net (fo=1, routed)           0.327     1.946    Bval_reg[4]_lopt_replica_1
    D16                  OBUF (Prop_obuf_I_O)         1.248     3.194 r  Bval_OBUF[4]_inst/O
                         net (fo=0)                   0.000     3.194    Bval[4]
    D16                                                               r  Bval[4] (OUT)
  -------------------------------------------------------------------    -------------------

Slack:                    inf
  Source:                 Bval_reg[2]_lopt_replica/C
                            (rising edge-triggered cell FDRE clocked by sys_clk  {rise@0.000ns fall@10.000ns period=20.000ns})
  Destination:            Bval[2]
                            (output port)
  Path Group:             (none)
  Path Type:              Min at Fast Process Corner
  Data Path Delay:        1.762ns  (logic 1.382ns (78.459%)  route 0.380ns (21.541%))
  Logic Levels:           1  (OBUF=1)
  Clock Uncertainty:      0.025ns  ((TSJ^2 + TIJ^2)^1/2 + DJ) / 2 + PE
    Total System Jitter     (TSJ):    0.050ns
    Total Input Jitter      (TIJ):    0.000ns
    Discrete Jitter          (DJ):    0.000ns
    Phase Error              (PE):    0.000ns

    Location             Delay type                Incr(ns)  Path(ns)    Netlist Resource(s)
  -------------------------------------------------------------------    -------------------
                         (clock sys_clk rise edge)    0.000     0.000 r  
    N15                                               0.000     0.000 r  clk (IN)
                         net (fo=0)                   0.000     0.000    clk
    N15                  IBUF (Prop_ibuf_I_O)         0.209     0.209 r  clk_IBUF_inst/O
                         net (fo=1, routed)           0.634     0.843    clk_IBUF
    BUFGCTRL_X0Y0        BUFG (Prop_bufg_I_O)         0.026     0.869 r  clk_IBUF_BUFG_inst/O
                         net (fo=242, routed)         0.583     1.451    clk_IBUF_BUFG
    SLICE_X2Y78          FDRE                                         r  Bval_reg[2]_lopt_replica/C
  -------------------------------------------------------------------    -------------------
    SLICE_X2Y78          FDRE (Prop_fdre_C_Q)         0.164     1.615 r  Bval_reg[2]_lopt_replica/Q
                         net (fo=1, routed)           0.380     1.995    Bval_reg[2]_lopt_replica_1
    D14                  OBUF (Prop_obuf_I_O)         1.218     3.213 r  Bval_OBUF[2]_inst/O
                         net (fo=0)                   0.000     3.213    Bval[2]
    D14                                                               r  Bval[2] (OUT)
  -------------------------------------------------------------------    -------------------

Slack:                    inf
  Source:                 Bval_reg[6]_lopt_replica/C
                            (rising edge-triggered cell FDRE clocked by sys_clk  {rise@0.000ns fall@10.000ns period=20.000ns})
  Destination:            Bval[6]
                            (output port)
  Path Group:             (none)
  Path Type:              Min at Fast Process Corner
  Data Path Delay:        1.764ns  (logic 1.373ns (77.858%)  route 0.391ns (22.142%))
  Logic Levels:           1  (OBUF=1)
  Clock Uncertainty:      0.025ns  ((TSJ^2 + TIJ^2)^1/2 + DJ) / 2 + PE
    Total System Jitter     (TSJ):    0.050ns
    Total Input Jitter      (TIJ):    0.000ns
    Discrete Jitter          (DJ):    0.000ns
    Phase Error              (PE):    0.000ns

    Location             Delay type                Incr(ns)  Path(ns)    Netlist Resource(s)
  -------------------------------------------------------------------    -------------------
                         (clock sys_clk rise edge)    0.000     0.000 r  
    N15                                               0.000     0.000 r  clk (IN)
                         net (fo=0)                   0.000     0.000    clk
    N15                  IBUF (Prop_ibuf_I_O)         0.209     0.209 r  clk_IBUF_inst/O
                         net (fo=1, routed)           0.634     0.843    clk_IBUF
    BUFGCTRL_X0Y0        BUFG (Prop_bufg_I_O)         0.026     0.869 r  clk_IBUF_BUFG_inst/O
                         net (fo=242, routed)         0.581     1.449    clk_IBUF_BUFG
    SLICE_X4Y78          FDRE                                         r  Bval_reg[6]_lopt_replica/C
  -------------------------------------------------------------------    -------------------
    SLICE_X4Y78          FDRE (Prop_fdre_C_Q)         0.141     1.590 r  Bval_reg[6]_lopt_replica/Q
                         net (fo=1, routed)           0.391     1.981    Bval_reg[6]_lopt_replica_1
    E17                  OBUF (Prop_obuf_I_O)         1.232     3.213 r  Bval_OBUF[6]_inst/O
                         net (fo=0)                   0.000     3.213    Bval[6]
    E17                                                               r  Bval[6] (OUT)
  -------------------------------------------------------------------    -------------------

Slack:                    inf
  Source:                 Aval_reg[1]/C
                            (rising edge-triggered cell FDRE clocked by sys_clk  {rise@0.000ns fall@10.000ns period=20.000ns})
  Destination:            Aval[1]
                            (output port)
  Path Group:             (none)
  Path Type:              Min at Fast Process Corner
  Data Path Delay:        1.769ns  (logic 1.386ns (78.342%)  route 0.383ns (21.658%))
  Logic Levels:           1  (OBUF=1)
  Clock Uncertainty:      0.025ns  ((TSJ^2 + TIJ^2)^1/2 + DJ) / 2 + PE
    Total System Jitter     (TSJ):    0.050ns
    Total Input Jitter      (TIJ):    0.000ns
    Discrete Jitter          (DJ):    0.000ns
    Phase Error              (PE):    0.000ns

    Location             Delay type                Incr(ns)  Path(ns)    Netlist Resource(s)
  -------------------------------------------------------------------    -------------------
                         (clock sys_clk rise edge)    0.000     0.000 r  
    N15                                               0.000     0.000 r  clk (IN)
                         net (fo=0)                   0.000     0.000    clk
    N15                  IBUF (Prop_ibuf_I_O)         0.209     0.209 r  clk_IBUF_inst/O
                         net (fo=1, routed)           0.634     0.843    clk_IBUF
    BUFGCTRL_X0Y0        BUFG (Prop_bufg_I_O)         0.026     0.869 r  clk_IBUF_BUFG_inst/O
                         net (fo=242, routed)         0.587     1.455    clk_IBUF_BUFG
    SLICE_X3Y82          FDRE                                         r  Aval_reg[1]/C
  -------------------------------------------------------------------    -------------------
    SLICE_X3Y82          FDRE (Prop_fdre_C_Q)         0.141     1.596 r  Aval_reg[1]/Q
                         net (fo=14, routed)          0.383     1.979    Aval_OBUF[1]
    B18                  OBUF (Prop_obuf_I_O)         1.245     3.224 r  Aval_OBUF[1]_inst/O
                         net (fo=0)                   0.000     3.224    Aval[1]
    B18                                                               r  Aval[1] (OUT)
  -------------------------------------------------------------------    -------------------

Slack:                    inf
  Source:                 Bval_reg[0]/C
                            (rising edge-triggered cell FDRE clocked by sys_clk  {rise@0.000ns fall@10.000ns period=20.000ns})
  Destination:            Bval[0]
                            (output port)
  Path Group:             (none)
  Path Type:              Min at Fast Process Corner
  Data Path Delay:        1.783ns  (logic 1.361ns (76.360%)  route 0.421ns (23.640%))
  Logic Levels:           1  (OBUF=1)
  Clock Uncertainty:      0.025ns  ((TSJ^2 + TIJ^2)^1/2 + DJ) / 2 + PE
    Total System Jitter     (TSJ):    0.050ns
    Total Input Jitter      (TIJ):    0.000ns
    Discrete Jitter          (DJ):    0.000ns
    Phase Error              (PE):    0.000ns

    Location             Delay type                Incr(ns)  Path(ns)    Netlist Resource(s)
  -------------------------------------------------------------------    -------------------
                         (clock sys_clk rise edge)    0.000     0.000 r  
    N15                                               0.000     0.000 r  clk (IN)
                         net (fo=0)                   0.000     0.000    clk
    N15                  IBUF (Prop_ibuf_I_O)         0.209     0.209 r  clk_IBUF_inst/O
                         net (fo=1, routed)           0.634     0.843    clk_IBUF
    BUFGCTRL_X0Y0        BUFG (Prop_bufg_I_O)         0.026     0.869 r  clk_IBUF_BUFG_inst/O
                         net (fo=242, routed)         0.586     1.454    clk_IBUF_BUFG
    SLICE_X5Y83          FDRE                                         r  Bval_reg[0]/C
  -------------------------------------------------------------------    -------------------
    SLICE_X5Y83          FDRE (Prop_fdre_C_Q)         0.141     1.595 r  Bval_reg[0]/Q
                         net (fo=11, routed)          0.421     2.017    Bval_OBUF[0]
    C13                  OBUF (Prop_obuf_I_O)         1.220     3.237 r  Bval_OBUF[0]_inst/O
                         net (fo=0)                   0.000     3.237    Bval[0]
    C13                                                               r  Bval[0] (OUT)
  -------------------------------------------------------------------    -------------------

Slack:                    inf
  Source:                 Bval_reg[7]_lopt_replica/C
                            (rising edge-triggered cell FDRE clocked by sys_clk  {rise@0.000ns fall@10.000ns period=20.000ns})
  Destination:            Bval[7]
                            (output port)
  Path Group:             (none)
  Path Type:              Min at Fast Process Corner
  Data Path Delay:        1.785ns  (logic 1.388ns (77.739%)  route 0.397ns (22.261%))
  Logic Levels:           1  (OBUF=1)
  Clock Uncertainty:      0.025ns  ((TSJ^2 + TIJ^2)^1/2 + DJ) / 2 + PE
    Total System Jitter     (TSJ):    0.050ns
    Total Input Jitter      (TIJ):    0.000ns
    Discrete Jitter          (DJ):    0.000ns
    Phase Error              (PE):    0.000ns

    Location             Delay type                Incr(ns)  Path(ns)    Netlist Resource(s)
  -------------------------------------------------------------------    -------------------
                         (clock sys_clk rise edge)    0.000     0.000 r  
    N15                                               0.000     0.000 r  clk (IN)
                         net (fo=0)                   0.000     0.000    clk
    N15                  IBUF (Prop_ibuf_I_O)         0.209     0.209 r  clk_IBUF_inst/O
                         net (fo=1, routed)           0.634     0.843    clk_IBUF
    BUFGCTRL_X0Y0        BUFG (Prop_bufg_I_O)         0.026     0.869 r  clk_IBUF_BUFG_inst/O
                         net (fo=242, routed)         0.585     1.453    clk_IBUF_BUFG
    SLICE_X4Y82          FDRE                                         r  Bval_reg[7]_lopt_replica/C
  -------------------------------------------------------------------    -------------------
    SLICE_X4Y82          FDRE (Prop_fdre_C_Q)         0.141     1.594 r  Bval_reg[7]_lopt_replica/Q
                         net (fo=1, routed)           0.397     1.992    Bval_reg[7]_lopt_replica_1
    D17                  OBUF (Prop_obuf_I_O)         1.247     3.238 r  Bval_OBUF[7]_inst/O
                         net (fo=0)                   0.000     3.238    Bval[7]
    D17                                                               r  Bval[7] (OUT)
  -------------------------------------------------------------------    -------------------

Slack:                    inf
  Source:                 Bval_reg[3]_lopt_replica/C
                            (rising edge-triggered cell FDRE clocked by sys_clk  {rise@0.000ns fall@10.000ns period=20.000ns})
  Destination:            Bval[3]
                            (output port)
  Path Group:             (none)
  Path Type:              Min at Fast Process Corner
  Data Path Delay:        1.801ns  (logic 1.390ns (77.143%)  route 0.412ns (22.857%))
  Logic Levels:           1  (OBUF=1)
  Clock Uncertainty:      0.025ns  ((TSJ^2 + TIJ^2)^1/2 + DJ) / 2 + PE
    Total System Jitter     (TSJ):    0.050ns
    Total Input Jitter      (TIJ):    0.000ns
    Discrete Jitter          (DJ):    0.000ns
    Phase Error              (PE):    0.000ns

    Location             Delay type                Incr(ns)  Path(ns)    Netlist Resource(s)
  -------------------------------------------------------------------    -------------------
                         (clock sys_clk rise edge)    0.000     0.000 r  
    N15                                               0.000     0.000 r  clk (IN)
                         net (fo=0)                   0.000     0.000    clk
    N15                  IBUF (Prop_ibuf_I_O)         0.209     0.209 r  clk_IBUF_inst/O
                         net (fo=1, routed)           0.634     0.843    clk_IBUF
    BUFGCTRL_X0Y0        BUFG (Prop_bufg_I_O)         0.026     0.869 r  clk_IBUF_BUFG_inst/O
                         net (fo=242, routed)         0.587     1.455    clk_IBUF_BUFG
    SLICE_X2Y82          FDRE                                         r  Bval_reg[3]_lopt_replica/C
  -------------------------------------------------------------------    -------------------
    SLICE_X2Y82          FDRE (Prop_fdre_C_Q)         0.164     1.619 r  Bval_reg[3]_lopt_replica/Q
                         net (fo=1, routed)           0.412     2.031    Bval_reg[3]_lopt_replica_1
    D15                  OBUF (Prop_obuf_I_O)         1.226     3.257 r  Bval_OBUF[3]_inst/O
                         net (fo=0)                   0.000     3.257    Bval[3]
    D15                                                               r  Bval[3] (OUT)
  -------------------------------------------------------------------    -------------------

Slack:                    inf
  Source:                 Aval_reg[0]/C
                            (rising edge-triggered cell FDRE clocked by sys_clk  {rise@0.000ns fall@10.000ns period=20.000ns})
  Destination:            Aval[0]
                            (output port)
  Path Group:             (none)
  Path Type:              Min at Fast Process Corner
  Data Path Delay:        1.823ns  (logic 1.388ns (76.156%)  route 0.435ns (23.844%))
  Logic Levels:           1  (OBUF=1)
  Clock Uncertainty:      0.025ns  ((TSJ^2 + TIJ^2)^1/2 + DJ) / 2 + PE
    Total System Jitter     (TSJ):    0.050ns
    Total Input Jitter      (TIJ):    0.000ns
    Discrete Jitter          (DJ):    0.000ns
    Phase Error              (PE):    0.000ns

    Location             Delay type                Incr(ns)  Path(ns)    Netlist Resource(s)
  -------------------------------------------------------------------    -------------------
                         (clock sys_clk rise edge)    0.000     0.000 r  
    N15                                               0.000     0.000 r  clk (IN)
                         net (fo=0)                   0.000     0.000    clk
    N15                  IBUF (Prop_ibuf_I_O)         0.209     0.209 r  clk_IBUF_inst/O
                         net (fo=1, routed)           0.634     0.843    clk_IBUF
    BUFGCTRL_X0Y0        BUFG (Prop_bufg_I_O)         0.026     0.869 r  clk_IBUF_BUFG_inst/O
                         net (fo=242, routed)         0.587     1.455    clk_IBUF_BUFG
    SLICE_X3Y82          FDRE                                         r  Aval_reg[0]/C
  -------------------------------------------------------------------    -------------------
    SLICE_X3Y82          FDRE (Prop_fdre_C_Q)         0.141     1.596 r  Aval_reg[0]/Q
                         net (fo=15, routed)          0.435     2.031    Aval_OBUF[0]
    C17                  OBUF (Prop_obuf_I_O)         1.247     3.278 r  Aval_OBUF[0]_inst/O
                         net (fo=0)                   0.000     3.278    Aval[0]
    C17                                                               r  Aval[0] (OUT)
  -------------------------------------------------------------------    -------------------

Slack:                    inf
  Source:                 Aval_reg[4]/C
                            (rising edge-triggered cell FDRE clocked by sys_clk  {rise@0.000ns fall@10.000ns period=20.000ns})
  Destination:            Aval[4]
                            (output port)
  Path Group:             (none)
  Path Type:              Min at Fast Process Corner
  Data Path Delay:        1.831ns  (logic 1.371ns (74.923%)  route 0.459ns (25.077%))
  Logic Levels:           1  (OBUF=1)
  Clock Uncertainty:      0.025ns  ((TSJ^2 + TIJ^2)^1/2 + DJ) / 2 + PE
    Total System Jitter     (TSJ):    0.050ns
    Total Input Jitter      (TIJ):    0.000ns
    Discrete Jitter          (DJ):    0.000ns
    Phase Error              (PE):    0.000ns

    Location             Delay type                Incr(ns)  Path(ns)    Netlist Resource(s)
  -------------------------------------------------------------------    -------------------
                         (clock sys_clk rise edge)    0.000     0.000 r  
    N15                                               0.000     0.000 r  clk (IN)
                         net (fo=0)                   0.000     0.000    clk
    N15                  IBUF (Prop_ibuf_I_O)         0.209     0.209 r  clk_IBUF_inst/O
                         net (fo=1, routed)           0.634     0.843    clk_IBUF
    BUFGCTRL_X0Y0        BUFG (Prop_bufg_I_O)         0.026     0.869 r  clk_IBUF_BUFG_inst/O
                         net (fo=242, routed)         0.585     1.453    clk_IBUF_BUFG
    SLICE_X3Y80          FDRE                                         r  Aval_reg[4]/C
  -------------------------------------------------------------------    -------------------
    SLICE_X3Y80          FDRE (Prop_fdre_C_Q)         0.141     1.594 r  Aval_reg[4]/Q
                         net (fo=14, routed)          0.459     2.053    Aval_OBUF[4]
    C18                  OBUF (Prop_obuf_I_O)         1.230     3.284 r  Aval_OBUF[4]_inst/O
                         net (fo=0)                   0.000     3.284    Aval[4]
    C18                                                               r  Aval[4] (OUT)
  -------------------------------------------------------------------    -------------------





--------------------------------------------------------------------------------------
Path Group:  (none)
From Clock:  
  To Clock:  sys_clk

Max Delay            36 Endpoints
Min Delay            36 Endpoints
--------------------------------------------------------------------------------------


Max Delay Paths
--------------------------------------------------------------------------------------
Slack:                    inf
  Source:                 S[0]
                            (input port)
  Destination:            Aval_reg[6]/D
                            (rising edge-triggered cell FDRE clocked by sys_clk  {rise@0.000ns fall@10.000ns period=20.000ns})
  Path Group:             (none)
  Path Type:              Setup (Max at Slow Process Corner)
  Data Path Delay:        8.602ns  (logic 2.301ns (26.753%)  route 6.301ns (73.247%))
  Logic Levels:           5  (IBUF=1 LUT5=3 LUT6=1)
  Clock Path Skew:        4.827ns (DCD - SCD + CPR)
    Destination Clock Delay (DCD):    4.827ns
    Source Clock Delay      (SCD):    0.000ns
    Clock Pessimism Removal (CPR):    0.000ns
  Clock Uncertainty:      0.025ns  ((TSJ^2 + TIJ^2)^1/2 + DJ) / 2 + PE
    Total System Jitter     (TSJ):    0.050ns
    Total Input Jitter      (TIJ):    0.000ns
    Discrete Jitter          (DJ):    0.000ns
    Phase Error              (PE):    0.000ns

    Location             Delay type                Incr(ns)  Path(ns)    Netlist Resource(s)
  -------------------------------------------------------------------    -------------------
    G1                                                0.000     0.000 r  S[0] (IN)
                         net (fo=0)                   0.000     0.000    S[0]
    G1                   IBUF (Prop_ibuf_I_O)         1.325     1.325 r  S_IBUF[0]_inst/O
                         net (fo=7, routed)           3.831     5.156    S_IBUF[0]
    SLICE_X3Y81          LUT6 (Prop_lut6_I1_O)        0.124     5.280 r  Aval[4]_i_5/O
                         net (fo=4, routed)           0.598     5.878    Aval[4]_i_5_n_0
    SLICE_X3Y80          LUT5 (Prop_lut5_I0_O)        0.150     6.028 r  Aval[7]_i_7/O
                         net (fo=4, routed)           0.856     6.884    Aval[7]_i_7_n_0
    SLICE_X2Y79          LUT5 (Prop_lut5_I1_O)        0.354     7.238 r  Aval[6]_i_2/O
                         net (fo=1, routed)           0.684     7.922    CTRL/Aval_reg[6]
    SLICE_X2Y79          LUT5 (Prop_lut5_I2_O)        0.348     8.270 r  CTRL/Aval[6]_i_1/O
                         net (fo=1, routed)           0.332     8.602    CTRL_n_12
    SLICE_X2Y80          FDRE                                         r  Aval_reg[6]/D
  -------------------------------------------------------------------    -------------------

                         (clock sys_clk rise edge)    0.000     0.000 r  
    N15                                               0.000     0.000 r  clk (IN)
                         net (fo=0)                   0.000     0.000    clk
    N15                  IBUF (Prop_ibuf_I_O)         1.370     1.370 r  clk_IBUF_inst/O
                         net (fo=1, routed)           1.868     3.238    clk_IBUF
    BUFGCTRL_X0Y0        BUFG (Prop_bufg_I_O)         0.091     3.329 r  clk_IBUF_BUFG_inst/O
                         net (fo=242, routed)         1.498     4.827    clk_IBUF_BUFG
    SLICE_X2Y80          FDRE                                         r  Aval_reg[6]/C

Slack:                    inf
  Source:                 S[0]
                            (input port)
  Destination:            Aval_reg[7]/D
                            (rising edge-triggered cell FDRE clocked by sys_clk  {rise@0.000ns fall@10.000ns period=20.000ns})
  Path Group:             (none)
  Path Type:              Setup (Max at Slow Process Corner)
  Data Path Delay:        7.458ns  (logic 2.049ns (27.478%)  route 5.409ns (72.522%))
  Logic Levels:           5  (IBUF=1 LUT5=1 LUT6=3)
  Clock Path Skew:        4.828ns (DCD - SCD + CPR)
    Destination Clock Delay (DCD):    4.828ns
    Source Clock Delay      (SCD):    0.000ns
    Clock Pessimism Removal (CPR):    0.000ns
  Clock Uncertainty:      0.025ns  ((TSJ^2 + TIJ^2)^1/2 + DJ) / 2 + PE
    Total System Jitter     (TSJ):    0.050ns
    Total Input Jitter      (TIJ):    0.000ns
    Discrete Jitter          (DJ):    0.000ns
    Phase Error              (PE):    0.000ns

    Location             Delay type                Incr(ns)  Path(ns)    Netlist Resource(s)
  -------------------------------------------------------------------    -------------------
    G1                                                0.000     0.000 r  S[0] (IN)
                         net (fo=0)                   0.000     0.000    S[0]
    G1                   IBUF (Prop_ibuf_I_O)         1.325     1.325 r  S_IBUF[0]_inst/O
                         net (fo=7, routed)           3.831     5.156    S_IBUF[0]
    SLICE_X3Y81          LUT6 (Prop_lut6_I1_O)        0.124     5.280 r  Aval[4]_i_5/O
                         net (fo=4, routed)           0.598     5.878    Aval[4]_i_5_n_0
    SLICE_X3Y80          LUT5 (Prop_lut5_I0_O)        0.150     6.028 r  Aval[7]_i_7/O
                         net (fo=4, routed)           0.674     6.702    Aval[7]_i_7_n_0
    SLICE_X2Y80          LUT6 (Prop_lut6_I5_O)        0.326     7.028 r  Aval[7]_i_5/O
                         net (fo=1, routed)           0.306     7.334    CTRL/Aval_reg[7]
    SLICE_X2Y81          LUT6 (Prop_lut6_I0_O)        0.124     7.458 r  CTRL/Aval[7]_i_3/O
                         net (fo=1, routed)           0.000     7.458    CTRL_n_6
    SLICE_X2Y81          FDRE                                         r  Aval_reg[7]/D
  -------------------------------------------------------------------    -------------------

                         (clock sys_clk rise edge)    0.000     0.000 r  
    N15                                               0.000     0.000 r  clk (IN)
                         net (fo=0)                   0.000     0.000    clk
    N15                  IBUF (Prop_ibuf_I_O)         1.370     1.370 r  clk_IBUF_inst/O
                         net (fo=1, routed)           1.868     3.238    clk_IBUF
    BUFGCTRL_X0Y0        BUFG (Prop_bufg_I_O)         0.091     3.329 r  clk_IBUF_BUFG_inst/O
                         net (fo=242, routed)         1.499     4.828    clk_IBUF_BUFG
    SLICE_X2Y81          FDRE                                         r  Aval_reg[7]/C

Slack:                    inf
  Source:                 S[5]
                            (input port)
  Destination:            Xval_reg/D
                            (rising edge-triggered cell FDRE clocked by sys_clk  {rise@0.000ns fall@10.000ns period=20.000ns})
  Path Group:             (none)
  Path Type:              Setup (Max at Slow Process Corner)
  Data Path Delay:        7.343ns  (logic 2.081ns (28.346%)  route 5.261ns (71.654%))
  Logic Levels:           5  (IBUF=1 LUT2=1 LUT6=3)
  Clock Path Skew:        4.827ns (DCD - SCD + CPR)
    Destination Clock Delay (DCD):    4.827ns
    Source Clock Delay      (SCD):    0.000ns
    Clock Pessimism Removal (CPR):    0.000ns
  Clock Uncertainty:      0.025ns  ((TSJ^2 + TIJ^2)^1/2 + DJ) / 2 + PE
    Total System Jitter     (TSJ):    0.050ns
    Total Input Jitter      (TIJ):    0.000ns
    Discrete Jitter          (DJ):    0.000ns
    Phase Error              (PE):    0.000ns

    Location             Delay type                Incr(ns)  Path(ns)    Netlist Resource(s)
  -------------------------------------------------------------------    -------------------
    D2                                                0.000     0.000 r  S[5] (IN)
                         net (fo=0)                   0.000     0.000    S[5]
    D2                   IBUF (Prop_ibuf_I_O)         1.349     1.349 r  S_IBUF[5]_inst/O
                         net (fo=13, routed)          4.101     5.450    S_IBUF[5]
    SLICE_X4Y80          LUT2 (Prop_lut2_I0_O)        0.152     5.602 r  Xval_i_13/O
                         net (fo=1, routed)           0.283     5.885    Xval_i_13_n_0
    SLICE_X4Y80          LUT6 (Prop_lut6_I0_O)        0.332     6.217 r  Xval_i_10/O
                         net (fo=1, routed)           0.280     6.497    CTRL/Xval_reg_2
    SLICE_X4Y80          LUT6 (Prop_lut6_I4_O)        0.124     6.621 f  CTRL/Xval_i_5/O
                         net (fo=1, routed)           0.598     7.219    CTRL/Xval_i_5_n_0
    SLICE_X2Y80          LUT6 (Prop_lut6_I3_O)        0.124     7.343 r  CTRL/Xval_i_1/O
                         net (fo=1, routed)           0.000     7.343    CTRL_n_7
    SLICE_X2Y80          FDRE                                         r  Xval_reg/D
  -------------------------------------------------------------------    -------------------

                         (clock sys_clk rise edge)    0.000     0.000 r  
    N15                                               0.000     0.000 r  clk (IN)
                         net (fo=0)                   0.000     0.000    clk
    N15                  IBUF (Prop_ibuf_I_O)         1.370     1.370 r  clk_IBUF_inst/O
                         net (fo=1, routed)           1.868     3.238    clk_IBUF
    BUFGCTRL_X0Y0        BUFG (Prop_bufg_I_O)         0.091     3.329 r  clk_IBUF_BUFG_inst/O
                         net (fo=242, routed)         1.498     4.827    clk_IBUF_BUFG
    SLICE_X2Y80          FDRE                                         r  Xval_reg/C

Slack:                    inf
  Source:                 S[0]
                            (input port)
  Destination:            Aval_reg[5]/D
                            (rising edge-triggered cell FDRE clocked by sys_clk  {rise@0.000ns fall@10.000ns period=20.000ns})
  Path Group:             (none)
  Path Type:              Setup (Max at Slow Process Corner)
  Data Path Delay:        7.252ns  (logic 2.049ns (28.258%)  route 5.203ns (71.742%))
  Logic Levels:           5  (IBUF=1 LUT5=1 LUT6=3)
  Clock Path Skew:        4.827ns (DCD - SCD + CPR)
    Destination Clock Delay (DCD):    4.827ns
    Source Clock Delay      (SCD):    0.000ns
    Clock Pessimism Removal (CPR):    0.000ns
  Clock Uncertainty:      0.025ns  ((TSJ^2 + TIJ^2)^1/2 + DJ) / 2 + PE
    Total System Jitter     (TSJ):    0.050ns
    Total Input Jitter      (TIJ):    0.000ns
    Discrete Jitter          (DJ):    0.000ns
    Phase Error              (PE):    0.000ns

    Location             Delay type                Incr(ns)  Path(ns)    Netlist Resource(s)
  -------------------------------------------------------------------    -------------------
    G1                                                0.000     0.000 r  S[0] (IN)
                         net (fo=0)                   0.000     0.000    S[0]
    G1                   IBUF (Prop_ibuf_I_O)         1.325     1.325 r  S_IBUF[0]_inst/O
                         net (fo=7, routed)           3.831     5.156    S_IBUF[0]
    SLICE_X3Y81          LUT6 (Prop_lut6_I1_O)        0.124     5.280 r  Aval[4]_i_5/O
                         net (fo=4, routed)           0.598     5.878    Aval[4]_i_5_n_0
    SLICE_X3Y80          LUT5 (Prop_lut5_I0_O)        0.150     6.028 r  Aval[7]_i_7/O
                         net (fo=4, routed)           0.468     6.496    CTRL/Aval_reg[5]_1
    SLICE_X2Y79          LUT6 (Prop_lut6_I1_O)        0.326     6.822 r  CTRL/Aval[5]_i_2/O
                         net (fo=1, routed)           0.306     7.128    CTRL/Aval[5]_i_2_n_0
    SLICE_X2Y80          LUT6 (Prop_lut6_I0_O)        0.124     7.252 r  CTRL/Aval[5]_i_1/O
                         net (fo=1, routed)           0.000     7.252    CTRL_n_11
    SLICE_X2Y80          FDRE                                         r  Aval_reg[5]/D
  -------------------------------------------------------------------    -------------------

                         (clock sys_clk rise edge)    0.000     0.000 r  
    N15                                               0.000     0.000 r  clk (IN)
                         net (fo=0)                   0.000     0.000    clk
    N15                  IBUF (Prop_ibuf_I_O)         1.370     1.370 r  clk_IBUF_inst/O
                         net (fo=1, routed)           1.868     3.238    clk_IBUF
    BUFGCTRL_X0Y0        BUFG (Prop_bufg_I_O)         0.091     3.329 r  clk_IBUF_BUFG_inst/O
                         net (fo=242, routed)         1.498     4.827    clk_IBUF_BUFG
    SLICE_X2Y80          FDRE                                         r  Aval_reg[5]/C

Slack:                    inf
  Source:                 S[0]
                            (input port)
  Destination:            Aval_reg[3]/D
                            (rising edge-triggered cell FDRE clocked by sys_clk  {rise@0.000ns fall@10.000ns period=20.000ns})
  Path Group:             (none)
  Path Type:              Setup (Max at Slow Process Corner)
  Data Path Delay:        7.172ns  (logic 1.697ns (23.666%)  route 5.475ns (76.334%))
  Logic Levels:           4  (IBUF=1 LUT6=3)
  Clock Path Skew:        4.825ns (DCD - SCD + CPR)
    Destination Clock Delay (DCD):    4.825ns
    Source Clock Delay      (SCD):    0.000ns
    Clock Pessimism Removal (CPR):    0.000ns
  Clock Uncertainty:      0.025ns  ((TSJ^2 + TIJ^2)^1/2 + DJ) / 2 + PE
    Total System Jitter     (TSJ):    0.050ns
    Total Input Jitter      (TIJ):    0.000ns
    Discrete Jitter          (DJ):    0.000ns
    Phase Error              (PE):    0.000ns

    Location             Delay type                Incr(ns)  Path(ns)    Netlist Resource(s)
  -------------------------------------------------------------------    -------------------
    G1                                                0.000     0.000 r  S[0] (IN)
                         net (fo=0)                   0.000     0.000    S[0]
    G1                   IBUF (Prop_ibuf_I_O)         1.325     1.325 r  S_IBUF[0]_inst/O
                         net (fo=7, routed)           3.831     5.156    S_IBUF[0]
    SLICE_X3Y81          LUT6 (Prop_lut6_I1_O)        0.124     5.280 r  Aval[4]_i_5/O
                         net (fo=4, routed)           0.829     6.109    CTRL/Aval_reg[3]_1
    SLICE_X4Y81          LUT6 (Prop_lut6_I1_O)        0.124     6.233 r  CTRL/Aval[3]_i_2/O
                         net (fo=1, routed)           0.815     7.048    CTRL/Aval[3]_i_2_n_0
    SLICE_X4Y80          LUT6 (Prop_lut6_I0_O)        0.124     7.172 r  CTRL/Aval[3]_i_1/O
                         net (fo=1, routed)           0.000     7.172    CTRL_n_10
    SLICE_X4Y80          FDRE                                         r  Aval_reg[3]/D
  -------------------------------------------------------------------    -------------------

                         (clock sys_clk rise edge)    0.000     0.000 r  
    N15                                               0.000     0.000 r  clk (IN)
                         net (fo=0)                   0.000     0.000    clk
    N15                  IBUF (Prop_ibuf_I_O)         1.370     1.370 r  clk_IBUF_inst/O
                         net (fo=1, routed)           1.868     3.238    clk_IBUF
    BUFGCTRL_X0Y0        BUFG (Prop_bufg_I_O)         0.091     3.329 r  clk_IBUF_BUFG_inst/O
                         net (fo=242, routed)         1.496     4.825    clk_IBUF_BUFG
    SLICE_X4Y80          FDRE                                         r  Aval_reg[3]/C

Slack:                    inf
  Source:                 S[0]
                            (input port)
  Destination:            Aval_reg[4]/D
                            (rising edge-triggered cell FDRE clocked by sys_clk  {rise@0.000ns fall@10.000ns period=20.000ns})
  Path Group:             (none)
  Path Type:              Setup (Max at Slow Process Corner)
  Data Path Delay:        6.791ns  (logic 1.697ns (24.993%)  route 5.094ns (75.007%))
  Logic Levels:           4  (IBUF=1 LUT3=1 LUT6=2)
  Clock Path Skew:        4.827ns (DCD - SCD + CPR)
    Destination Clock Delay (DCD):    4.827ns
    Source Clock Delay      (SCD):    0.000ns
    Clock Pessimism Removal (CPR):    0.000ns
  Clock Uncertainty:      0.025ns  ((TSJ^2 + TIJ^2)^1/2 + DJ) / 2 + PE
    Total System Jitter     (TSJ):    0.050ns
    Total Input Jitter      (TIJ):    0.000ns
    Discrete Jitter          (DJ):    0.000ns
    Phase Error              (PE):    0.000ns

    Location             Delay type                Incr(ns)  Path(ns)    Netlist Resource(s)
  -------------------------------------------------------------------    -------------------
    G1                                                0.000     0.000 r  S[0] (IN)
                         net (fo=0)                   0.000     0.000    S[0]
    G1                   IBUF (Prop_ibuf_I_O)         1.325     1.325 r  S_IBUF[0]_inst/O
                         net (fo=7, routed)           3.831     5.156    S_IBUF[0]
    SLICE_X3Y81          LUT6 (Prop_lut6_I1_O)        0.124     5.280 r  Aval[4]_i_5/O
                         net (fo=4, routed)           0.598     5.878    Aval[4]_i_5_n_0
    SLICE_X3Y80          LUT3 (Prop_lut3_I0_O)        0.124     6.002 r  Aval[4]_i_3/O
                         net (fo=1, routed)           0.665     6.667    CTRL/Aval_reg[4]_0
    SLICE_X3Y80          LUT6 (Prop_lut6_I4_O)        0.124     6.791 r  CTRL/Aval[4]_i_1/O
                         net (fo=1, routed)           0.000     6.791    CTRL_n_5
    SLICE_X3Y80          FDRE                                         r  Aval_reg[4]/D
  -------------------------------------------------------------------    -------------------

                         (clock sys_clk rise edge)    0.000     0.000 r  
    N15                                               0.000     0.000 r  clk (IN)
                         net (fo=0)                   0.000     0.000    clk
    N15                  IBUF (Prop_ibuf_I_O)         1.370     1.370 r  clk_IBUF_inst/O
                         net (fo=1, routed)           1.868     3.238    clk_IBUF
    BUFGCTRL_X0Y0        BUFG (Prop_bufg_I_O)         0.091     3.329 r  clk_IBUF_BUFG_inst/O
                         net (fo=242, routed)         1.498     4.827    clk_IBUF_BUFG
    SLICE_X3Y80          FDRE                                         r  Aval_reg[4]/C

Slack:                    inf
  Source:                 reset
                            (input port)
  Destination:            button_sync[0]/ff1_reg/D
                            (rising edge-triggered cell FDRE clocked by sys_clk  {rise@0.000ns fall@10.000ns period=20.000ns})
  Path Group:             (none)
  Path Type:              Setup (Max at Slow Process Corner)
  Data Path Delay:        5.884ns  (logic 1.316ns (22.375%)  route 4.567ns (77.625%))
  Logic Levels:           1  (IBUF=1)
  Clock Path Skew:        4.833ns (DCD - SCD + CPR)
    Destination Clock Delay (DCD):    4.833ns
    Source Clock Delay      (SCD):    0.000ns
    Clock Pessimism Removal (CPR):    0.000ns
  Clock Uncertainty:      0.025ns  ((TSJ^2 + TIJ^2)^1/2 + DJ) / 2 + PE
    Total System Jitter     (TSJ):    0.050ns
    Total Input Jitter      (TIJ):    0.000ns
    Discrete Jitter          (DJ):    0.000ns
    Phase Error              (PE):    0.000ns

    Location             Delay type                Incr(ns)  Path(ns)    Netlist Resource(s)
  -------------------------------------------------------------------    -------------------
    J2                                                0.000     0.000 r  reset (IN)
                         net (fo=0)                   0.000     0.000    reset
    J2                   IBUF (Prop_ibuf_I_O)         1.316     1.316 r  reset_IBUF_inst/O
                         net (fo=32, routed)          4.567     5.884    button_sync[0]/reset_IBUF
    SLICE_X5Y88          FDRE                                         r  button_sync[0]/ff1_reg/D
  -------------------------------------------------------------------    -------------------

                         (clock sys_clk rise edge)    0.000     0.000 r  
    N15                                               0.000     0.000 r  clk (IN)
                         net (fo=0)                   0.000     0.000    clk
    N15                  IBUF (Prop_ibuf_I_O)         1.370     1.370 r  clk_IBUF_inst/O
                         net (fo=1, routed)           1.868     3.238    clk_IBUF
    BUFGCTRL_X0Y0        BUFG (Prop_bufg_I_O)         0.091     3.329 r  clk_IBUF_BUFG_inst/O
                         net (fo=242, routed)         1.504     4.833    button_sync[0]/clk_IBUF_BUFG
    SLICE_X5Y88          FDRE                                         r  button_sync[0]/ff1_reg/C

Slack:                    inf
  Source:                 S[0]
                            (input port)
  Destination:            Aval_reg[2]/D
                            (rising edge-triggered cell FDRE clocked by sys_clk  {rise@0.000ns fall@10.000ns period=20.000ns})
  Path Group:             (none)
  Path Type:              Setup (Max at Slow Process Corner)
  Data Path Delay:        5.832ns  (logic 1.573ns (26.979%)  route 4.258ns (73.021%))
  Logic Levels:           3  (IBUF=1 LUT5=1 LUT6=1)
  Clock Path Skew:        4.826ns (DCD - SCD + CPR)
    Destination Clock Delay (DCD):    4.826ns
    Source Clock Delay      (SCD):    0.000ns
    Clock Pessimism Removal (CPR):    0.000ns
  Clock Uncertainty:      0.025ns  ((TSJ^2 + TIJ^2)^1/2 + DJ) / 2 + PE
    Total System Jitter     (TSJ):    0.050ns
    Total Input Jitter      (TIJ):    0.000ns
    Discrete Jitter          (DJ):    0.000ns
    Phase Error              (PE):    0.000ns

    Location             Delay type                Incr(ns)  Path(ns)    Netlist Resource(s)
  -------------------------------------------------------------------    -------------------
    G1                                                0.000     0.000 r  S[0] (IN)
                         net (fo=0)                   0.000     0.000    S[0]
    G1                   IBUF (Prop_ibuf_I_O)         1.325     1.325 r  S_IBUF[0]_inst/O
                         net (fo=7, routed)           3.832     5.158    S_IBUF[0]
    SLICE_X4Y81          LUT6 (Prop_lut6_I2_O)        0.124     5.282 f  Aval[2]_i_3/O
                         net (fo=1, routed)           0.426     5.708    CTRL/Aval_reg[2]_0
    SLICE_X4Y81          LUT5 (Prop_lut5_I2_O)        0.124     5.832 r  CTRL/Aval[2]_i_1/O
                         net (fo=1, routed)           0.000     5.832    CTRL_n_9
    SLICE_X4Y81          FDRE                                         r  Aval_reg[2]/D
  -------------------------------------------------------------------    -------------------

                         (clock sys_clk rise edge)    0.000     0.000 r  
    N15                                               0.000     0.000 r  clk (IN)
                         net (fo=0)                   0.000     0.000    clk
    N15                  IBUF (Prop_ibuf_I_O)         1.370     1.370 r  clk_IBUF_inst/O
                         net (fo=1, routed)           1.868     3.238    clk_IBUF
    BUFGCTRL_X0Y0        BUFG (Prop_bufg_I_O)         0.091     3.329 r  clk_IBUF_BUFG_inst/O
                         net (fo=242, routed)         1.497     4.826    clk_IBUF_BUFG
    SLICE_X4Y81          FDRE                                         r  Aval_reg[2]/C

Slack:                    inf
  Source:                 reset
                            (input port)
  Destination:            h0/counter_reg[16]/R
                            (rising edge-triggered cell FDRE clocked by sys_clk  {rise@0.000ns fall@10.000ns period=20.000ns})
  Path Group:             (none)
  Path Type:              Setup (Max at Slow Process Corner)
  Data Path Delay:        5.745ns  (logic 1.316ns (22.917%)  route 4.428ns (77.083%))
  Logic Levels:           1  (IBUF=1)
  Clock Path Skew:        4.832ns (DCD - SCD + CPR)
    Destination Clock Delay (DCD):    4.832ns
    Source Clock Delay      (SCD):    0.000ns
    Clock Pessimism Removal (CPR):    0.000ns
  Clock Uncertainty:      0.025ns  ((TSJ^2 + TIJ^2)^1/2 + DJ) / 2 + PE
    Total System Jitter     (TSJ):    0.050ns
    Total Input Jitter      (TIJ):    0.000ns
    Discrete Jitter          (DJ):    0.000ns
    Phase Error              (PE):    0.000ns

    Location             Delay type                Incr(ns)  Path(ns)    Netlist Resource(s)
  -------------------------------------------------------------------    -------------------
    J2                                                0.000     0.000 r  reset (IN)
                         net (fo=0)                   0.000     0.000    reset
    J2                   IBUF (Prop_ibuf_I_O)         1.316     1.316 r  reset_IBUF_inst/O
                         net (fo=32, routed)          4.428     5.745    h0/reset_IBUF
    SLICE_X7Y87          FDRE                                         r  h0/counter_reg[16]/R
  -------------------------------------------------------------------    -------------------

                         (clock sys_clk rise edge)    0.000     0.000 r  
    N15                                               0.000     0.000 r  clk (IN)
                         net (fo=0)                   0.000     0.000    clk
    N15                  IBUF (Prop_ibuf_I_O)         1.370     1.370 r  clk_IBUF_inst/O
                         net (fo=1, routed)           1.868     3.238    clk_IBUF
    BUFGCTRL_X0Y0        BUFG (Prop_bufg_I_O)         0.091     3.329 r  clk_IBUF_BUFG_inst/O
                         net (fo=242, routed)         1.503     4.832    h0/clk_IBUF_BUFG
    SLICE_X7Y87          FDRE                                         r  h0/counter_reg[16]/C

Slack:                    inf
  Source:                 reset
                            (input port)
  Destination:            h0/counter_reg[10]/R
                            (rising edge-triggered cell FDRE clocked by sys_clk  {rise@0.000ns fall@10.000ns period=20.000ns})
  Path Group:             (none)
  Path Type:              Setup (Max at Slow Process Corner)
  Data Path Delay:        5.712ns  (logic 1.316ns (23.049%)  route 4.395ns (76.951%))
  Logic Levels:           1  (IBUF=1)
  Clock Path Skew:        4.831ns (DCD - SCD + CPR)
    Destination Clock Delay (DCD):    4.831ns
    Source Clock Delay      (SCD):    0.000ns
    Clock Pessimism Removal (CPR):    0.000ns
  Clock Uncertainty:      0.025ns  ((TSJ^2 + TIJ^2)^1/2 + DJ) / 2 + PE
    Total System Jitter     (TSJ):    0.050ns
    Total Input Jitter      (TIJ):    0.000ns
    Discrete Jitter          (DJ):    0.000ns
    Phase Error              (PE):    0.000ns

    Location             Delay type                Incr(ns)  Path(ns)    Netlist Resource(s)
  -------------------------------------------------------------------    -------------------
    J2                                                0.000     0.000 r  reset (IN)
                         net (fo=0)                   0.000     0.000    reset
    J2                   IBUF (Prop_ibuf_I_O)         1.316     1.316 r  reset_IBUF_inst/O
                         net (fo=32, routed)          4.395     5.712    h0/reset_IBUF
    SLICE_X7Y85          FDRE                                         r  h0/counter_reg[10]/R
  -------------------------------------------------------------------    -------------------

                         (clock sys_clk rise edge)    0.000     0.000 r  
    N15                                               0.000     0.000 r  clk (IN)
                         net (fo=0)                   0.000     0.000    clk
    N15                  IBUF (Prop_ibuf_I_O)         1.370     1.370 r  clk_IBUF_inst/O
                         net (fo=1, routed)           1.868     3.238    clk_IBUF
    BUFGCTRL_X0Y0        BUFG (Prop_bufg_I_O)         0.091     3.329 r  clk_IBUF_BUFG_inst/O
                         net (fo=242, routed)         1.502     4.831    h0/clk_IBUF_BUFG
    SLICE_X7Y85          FDRE                                         r  h0/counter_reg[10]/C





Min Delay Paths
--------------------------------------------------------------------------------------
Slack:                    inf
  Source:                 S[7]
                            (input port)
  Destination:            Sin_sync[7]/ff1_reg/D
                            (rising edge-triggered cell FDRE clocked by sys_clk  {rise@0.000ns fall@10.000ns period=20.000ns})
  Path Group:             (none)
  Path Type:              Hold (Min at Fast Process Corner)
  Data Path Delay:        1.596ns  (logic 0.413ns (25.877%)  route 1.183ns (74.123%))
  Logic Levels:           1  (IBUF=1)
  Clock Path Skew:        1.962ns (DCD - SCD - CPR)
    Destination Clock Delay (DCD):    1.962ns
    Source Clock Delay      (SCD):    0.000ns
    Clock Pessimism Removal (CPR):    -0.000ns

    Location             Delay type                Incr(ns)  Path(ns)    Netlist Resource(s)
  -------------------------------------------------------------------    -------------------
    C2                                                0.000     0.000 r  S[7] (IN)
                         net (fo=0)                   0.000     0.000    S[7]
    C2                   IBUF (Prop_ibuf_I_O)         0.413     0.413 r  S_IBUF[7]_inst/O
                         net (fo=3, routed)           1.183     1.596    Sin_sync[7]/S_IBUF[0]
    SLICE_X4Y77          FDRE                                         r  Sin_sync[7]/ff1_reg/D
  -------------------------------------------------------------------    -------------------

                         (clock sys_clk rise edge)    0.000     0.000 r  
    N15                                               0.000     0.000 r  clk (IN)
                         net (fo=0)                   0.000     0.000    clk
    N15                  IBUF (Prop_ibuf_I_O)         0.396     0.396 r  clk_IBUF_inst/O
                         net (fo=1, routed)           0.689     1.085    clk_IBUF
    BUFGCTRL_X0Y0        BUFG (Prop_bufg_I_O)         0.029     1.114 r  clk_IBUF_BUFG_inst/O
                         net (fo=242, routed)         0.849     1.962    Sin_sync[7]/clk_IBUF_BUFG
    SLICE_X4Y77          FDRE                                         r  Sin_sync[7]/ff1_reg/C

Slack:                    inf
  Source:                 S[6]
                            (input port)
  Destination:            Sin_sync[6]/ff1_reg/D
                            (rising edge-triggered cell FDRE clocked by sys_clk  {rise@0.000ns fall@10.000ns period=20.000ns})
  Path Group:             (none)
  Path Type:              Hold (Min at Fast Process Corner)
  Data Path Delay:        1.767ns  (logic 0.403ns (22.780%)  route 1.365ns (77.220%))
  Logic Levels:           1  (IBUF=1)
  Clock Path Skew:        1.962ns (DCD - SCD - CPR)
    Destination Clock Delay (DCD):    1.962ns
    Source Clock Delay      (SCD):    0.000ns
    Clock Pessimism Removal (CPR):    -0.000ns

    Location             Delay type                Incr(ns)  Path(ns)    Netlist Resource(s)
  -------------------------------------------------------------------    -------------------
    D1                                                0.000     0.000 r  S[6] (IN)
                         net (fo=0)                   0.000     0.000    S[6]
    D1                   IBUF (Prop_ibuf_I_O)         0.403     0.403 r  S_IBUF[6]_inst/O
                         net (fo=9, routed)           1.365     1.767    Sin_sync[6]/S_IBUF[0]
    SLICE_X4Y77          FDRE                                         r  Sin_sync[6]/ff1_reg/D
  -------------------------------------------------------------------    -------------------

                         (clock sys_clk rise edge)    0.000     0.000 r  
    N15                                               0.000     0.000 r  clk (IN)
                         net (fo=0)                   0.000     0.000    clk
    N15                  IBUF (Prop_ibuf_I_O)         0.396     0.396 r  clk_IBUF_inst/O
                         net (fo=1, routed)           0.689     1.085    clk_IBUF
    BUFGCTRL_X0Y0        BUFG (Prop_bufg_I_O)         0.029     1.114 r  clk_IBUF_BUFG_inst/O
                         net (fo=242, routed)         0.849     1.962    Sin_sync[6]/clk_IBUF_BUFG
    SLICE_X4Y77          FDRE                                         r  Sin_sync[6]/ff1_reg/C

Slack:                    inf
  Source:                 S[5]
                            (input port)
  Destination:            Sin_sync[5]/ff1_reg/D
                            (rising edge-triggered cell FDRE clocked by sys_clk  {rise@0.000ns fall@10.000ns period=20.000ns})
  Path Group:             (none)
  Path Type:              Hold (Min at Fast Process Corner)
  Data Path Delay:        1.817ns  (logic 0.426ns (23.456%)  route 1.391ns (76.544%))
  Logic Levels:           1  (IBUF=1)
  Clock Path Skew:        1.962ns (DCD - SCD - CPR)
    Destination Clock Delay (DCD):    1.962ns
    Source Clock Delay      (SCD):    0.000ns
    Clock Pessimism Removal (CPR):    -0.000ns

    Location             Delay type                Incr(ns)  Path(ns)    Netlist Resource(s)
  -------------------------------------------------------------------    -------------------
    D2                                                0.000     0.000 r  S[5] (IN)
                         net (fo=0)                   0.000     0.000    S[5]
    D2                   IBUF (Prop_ibuf_I_O)         0.426     0.426 r  S_IBUF[5]_inst/O
                         net (fo=13, routed)          1.391     1.817    Sin_sync[5]/S_IBUF[0]
    SLICE_X6Y77          FDRE                                         r  Sin_sync[5]/ff1_reg/D
  -------------------------------------------------------------------    -------------------

                         (clock sys_clk rise edge)    0.000     0.000 r  
    N15                                               0.000     0.000 r  clk (IN)
                         net (fo=0)                   0.000     0.000    clk
    N15                  IBUF (Prop_ibuf_I_O)         0.396     0.396 r  clk_IBUF_inst/O
                         net (fo=1, routed)           0.689     1.085    clk_IBUF
    BUFGCTRL_X0Y0        BUFG (Prop_bufg_I_O)         0.029     1.114 r  clk_IBUF_BUFG_inst/O
                         net (fo=242, routed)         0.849     1.962    Sin_sync[5]/clk_IBUF_BUFG
    SLICE_X6Y77          FDRE                                         r  Sin_sync[5]/ff1_reg/C

Slack:                    inf
  Source:                 S[4]
                            (input port)
  Destination:            Sin_sync[4]/ff1_reg/D
                            (rising edge-triggered cell FDRE clocked by sys_clk  {rise@0.000ns fall@10.000ns period=20.000ns})
  Path Group:             (none)
  Path Type:              Hold (Min at Fast Process Corner)
  Data Path Delay:        1.859ns  (logic 0.402ns (21.612%)  route 1.457ns (78.388%))
  Logic Levels:           1  (IBUF=1)
  Clock Path Skew:        1.967ns (DCD - SCD - CPR)
    Destination Clock Delay (DCD):    1.967ns
    Source Clock Delay      (SCD):    0.000ns
    Clock Pessimism Removal (CPR):    -0.000ns

    Location             Delay type                Incr(ns)  Path(ns)    Netlist Resource(s)
  -------------------------------------------------------------------    -------------------
    E1                                                0.000     0.000 r  S[4] (IN)
                         net (fo=0)                   0.000     0.000    S[4]
    E1                   IBUF (Prop_ibuf_I_O)         0.402     0.402 r  S_IBUF[4]_inst/O
                         net (fo=6, routed)           1.457     1.859    Sin_sync[4]/S_IBUF[0]
    SLICE_X6Y82          FDRE                                         r  Sin_sync[4]/ff1_reg/D
  -------------------------------------------------------------------    -------------------

                         (clock sys_clk rise edge)    0.000     0.000 r  
    N15                                               0.000     0.000 r  clk (IN)
                         net (fo=0)                   0.000     0.000    clk
    N15                  IBUF (Prop_ibuf_I_O)         0.396     0.396 r  clk_IBUF_inst/O
                         net (fo=1, routed)           0.689     1.085    clk_IBUF
    BUFGCTRL_X0Y0        BUFG (Prop_bufg_I_O)         0.029     1.114 r  clk_IBUF_BUFG_inst/O
                         net (fo=242, routed)         0.854     1.967    Sin_sync[4]/clk_IBUF_BUFG
    SLICE_X6Y82          FDRE                                         r  Sin_sync[4]/ff1_reg/C

Slack:                    inf
  Source:                 S[7]
                            (input port)
  Destination:            Xval_reg/D
                            (rising edge-triggered cell FDRE clocked by sys_clk  {rise@0.000ns fall@10.000ns period=20.000ns})
  Path Group:             (none)
  Path Type:              Hold (Min at Fast Process Corner)
  Data Path Delay:        1.878ns  (logic 0.458ns (24.391%)  route 1.420ns (75.609%))
  Logic Levels:           2  (IBUF=1 LUT6=1)
  Clock Path Skew:        1.967ns (DCD - SCD - CPR)
    Destination Clock Delay (DCD):    1.967ns
    Source Clock Delay      (SCD):    0.000ns
    Clock Pessimism Removal (CPR):    -0.000ns

    Location             Delay type                Incr(ns)  Path(ns)    Netlist Resource(s)
  -------------------------------------------------------------------    -------------------
    C2                                                0.000     0.000 r  S[7] (IN)
                         net (fo=0)                   0.000     0.000    S[7]
    C2                   IBUF (Prop_ibuf_I_O)         0.413     0.413 r  S_IBUF[7]_inst/O
                         net (fo=3, routed)           1.420     1.833    CTRL/S_IBUF[4]
    SLICE_X2Y80          LUT6 (Prop_lut6_I4_O)        0.045     1.878 r  CTRL/Xval_i_1/O
                         net (fo=1, routed)           0.000     1.878    CTRL_n_7
    SLICE_X2Y80          FDRE                                         r  Xval_reg/D
  -------------------------------------------------------------------    -------------------

                         (clock sys_clk rise edge)    0.000     0.000 r  
    N15                                               0.000     0.000 r  clk (IN)
                         net (fo=0)                   0.000     0.000    clk
    N15                  IBUF (Prop_ibuf_I_O)         0.396     0.396 r  clk_IBUF_inst/O
                         net (fo=1, routed)           0.689     1.085    clk_IBUF
    BUFGCTRL_X0Y0        BUFG (Prop_bufg_I_O)         0.029     1.114 r  clk_IBUF_BUFG_inst/O
                         net (fo=242, routed)         0.853     1.967    clk_IBUF_BUFG
    SLICE_X2Y80          FDRE                                         r  Xval_reg/C

Slack:                    inf
  Source:                 run
                            (input port)
  Destination:            button_sync[1]/ff1_reg/D
                            (rising edge-triggered cell FDRE clocked by sys_clk  {rise@0.000ns fall@10.000ns period=20.000ns})
  Path Group:             (none)
  Path Type:              Hold (Min at Fast Process Corner)
  Data Path Delay:        1.898ns  (logic 0.399ns (20.995%)  route 1.500ns (79.005%))
  Logic Levels:           1  (IBUF=1)
  Clock Path Skew:        1.962ns (DCD - SCD - CPR)
    Destination Clock Delay (DCD):    1.962ns
    Source Clock Delay      (SCD):    0.000ns
    Clock Pessimism Removal (CPR):    -0.000ns

    Location             Delay type                Incr(ns)  Path(ns)    Netlist Resource(s)
  -------------------------------------------------------------------    -------------------
    J1                                                0.000     0.000 r  run (IN)
                         net (fo=0)                   0.000     0.000    run
    J1                   IBUF (Prop_ibuf_I_O)         0.399     0.399 r  run_IBUF_inst/O
                         net (fo=1, routed)           1.500     1.898    button_sync[1]/run_IBUF
    SLICE_X6Y77          FDRE                                         r  button_sync[1]/ff1_reg/D
  -------------------------------------------------------------------    -------------------

                         (clock sys_clk rise edge)    0.000     0.000 r  
    N15                                               0.000     0.000 r  clk (IN)
                         net (fo=0)                   0.000     0.000    clk
    N15                  IBUF (Prop_ibuf_I_O)         0.396     0.396 r  clk_IBUF_inst/O
                         net (fo=1, routed)           0.689     1.085    clk_IBUF
    BUFGCTRL_X0Y0        BUFG (Prop_bufg_I_O)         0.029     1.114 r  clk_IBUF_BUFG_inst/O
                         net (fo=242, routed)         0.849     1.962    button_sync[1]/clk_IBUF_BUFG
    SLICE_X6Y77          FDRE                                         r  button_sync[1]/ff1_reg/C

Slack:                    inf
  Source:                 S[1]
                            (input port)
  Destination:            Sin_sync[1]/ff1_reg/D
                            (rising edge-triggered cell FDRE clocked by sys_clk  {rise@0.000ns fall@10.000ns period=20.000ns})
  Path Group:             (none)
  Path Type:              Hold (Min at Fast Process Corner)
  Data Path Delay:        1.920ns  (logic 0.404ns (21.041%)  route 1.516ns (78.959%))
  Logic Levels:           1  (IBUF=1)
  Clock Path Skew:        1.973ns (DCD - SCD - CPR)
    Destination Clock Delay (DCD):    1.973ns
    Source Clock Delay      (SCD):    0.000ns
    Clock Pessimism Removal (CPR):    -0.000ns

    Location             Delay type                Incr(ns)  Path(ns)    Netlist Resource(s)
  -------------------------------------------------------------------    -------------------
    F2                                                0.000     0.000 r  S[1] (IN)
                         net (fo=0)                   0.000     0.000    S[1]
    F2                   IBUF (Prop_ibuf_I_O)         0.404     0.404 r  S_IBUF[1]_inst/O
                         net (fo=6, routed)           1.516     1.920    Sin_sync[1]/S_IBUF[0]
    SLICE_X4Y88          FDRE                                         r  Sin_sync[1]/ff1_reg/D
  -------------------------------------------------------------------    -------------------

                         (clock sys_clk rise edge)    0.000     0.000 r  
    N15                                               0.000     0.000 r  clk (IN)
                         net (fo=0)                   0.000     0.000    clk
    N15                  IBUF (Prop_ibuf_I_O)         0.396     0.396 r  clk_IBUF_inst/O
                         net (fo=1, routed)           0.689     1.085    clk_IBUF
    BUFGCTRL_X0Y0        BUFG (Prop_bufg_I_O)         0.029     1.114 r  clk_IBUF_BUFG_inst/O
                         net (fo=242, routed)         0.860     1.973    Sin_sync[1]/clk_IBUF_BUFG
    SLICE_X4Y88          FDRE                                         r  Sin_sync[1]/ff1_reg/C

Slack:                    inf
  Source:                 S[3]
                            (input port)
  Destination:            Aval_reg[3]/D
                            (rising edge-triggered cell FDRE clocked by sys_clk  {rise@0.000ns fall@10.000ns period=20.000ns})
  Path Group:             (none)
  Path Type:              Hold (Min at Fast Process Corner)
  Data Path Delay:        2.018ns  (logic 0.472ns (23.386%)  route 1.546ns (76.614%))
  Logic Levels:           2  (IBUF=1 LUT6=1)
  Clock Path Skew:        1.965ns (DCD - SCD - CPR)
    Destination Clock Delay (DCD):    1.965ns
    Source Clock Delay      (SCD):    0.000ns
    Clock Pessimism Removal (CPR):    -0.000ns

    Location             Delay type                Incr(ns)  Path(ns)    Netlist Resource(s)
  -------------------------------------------------------------------    -------------------
    E2                                                0.000     0.000 r  S[3] (IN)
                         net (fo=0)                   0.000     0.000    S[3]
    E2                   IBUF (Prop_ibuf_I_O)         0.427     0.427 r  S_IBUF[3]_inst/O
                         net (fo=9, routed)           1.546     1.973    CTRL/S_IBUF[1]
    SLICE_X4Y80          LUT6 (Prop_lut6_I2_O)        0.045     2.018 r  CTRL/Aval[3]_i_1/O
                         net (fo=1, routed)           0.000     2.018    CTRL_n_10
    SLICE_X4Y80          FDRE                                         r  Aval_reg[3]/D
  -------------------------------------------------------------------    -------------------

                         (clock sys_clk rise edge)    0.000     0.000 r  
    N15                                               0.000     0.000 r  clk (IN)
                         net (fo=0)                   0.000     0.000    clk
    N15                  IBUF (Prop_ibuf_I_O)         0.396     0.396 r  clk_IBUF_inst/O
                         net (fo=1, routed)           0.689     1.085    clk_IBUF
    BUFGCTRL_X0Y0        BUFG (Prop_bufg_I_O)         0.029     1.114 r  clk_IBUF_BUFG_inst/O
                         net (fo=242, routed)         0.851     1.965    clk_IBUF_BUFG
    SLICE_X4Y80          FDRE                                         r  Aval_reg[3]/C

Slack:                    inf
  Source:                 S[0]
                            (input port)
  Destination:            Sin_sync[0]/ff1_reg/D
                            (rising edge-triggered cell FDRE clocked by sys_clk  {rise@0.000ns fall@10.000ns period=20.000ns})
  Path Group:             (none)
  Path Type:              Hold (Min at Fast Process Corner)
  Data Path Delay:        2.051ns  (logic 0.402ns (19.620%)  route 1.648ns (80.380%))
  Logic Levels:           1  (IBUF=1)
  Clock Path Skew:        1.973ns (DCD - SCD - CPR)
    Destination Clock Delay (DCD):    1.973ns
    Source Clock Delay      (SCD):    0.000ns
    Clock Pessimism Removal (CPR):    -0.000ns

    Location             Delay type                Incr(ns)  Path(ns)    Netlist Resource(s)
  -------------------------------------------------------------------    -------------------
    G1                                                0.000     0.000 r  S[0] (IN)
                         net (fo=0)                   0.000     0.000    S[0]
    G1                   IBUF (Prop_ibuf_I_O)         0.402     0.402 r  S_IBUF[0]_inst/O
                         net (fo=7, routed)           1.648     2.051    Sin_sync[0]/S_IBUF[0]
    SLICE_X5Y88          FDRE                                         r  Sin_sync[0]/ff1_reg/D
  -------------------------------------------------------------------    -------------------

                         (clock sys_clk rise edge)    0.000     0.000 r  
    N15                                               0.000     0.000 r  clk (IN)
                         net (fo=0)                   0.000     0.000    clk
    N15                  IBUF (Prop_ibuf_I_O)         0.396     0.396 r  clk_IBUF_inst/O
                         net (fo=1, routed)           0.689     1.085    clk_IBUF
    BUFGCTRL_X0Y0        BUFG (Prop_bufg_I_O)         0.029     1.114 r  clk_IBUF_BUFG_inst/O
                         net (fo=242, routed)         0.860     1.973    Sin_sync[0]/clk_IBUF_BUFG
    SLICE_X5Y88          FDRE                                         r  Sin_sync[0]/ff1_reg/C

Slack:                    inf
  Source:                 S[7]
                            (input port)
  Destination:            Aval_reg[7]/D
                            (rising edge-triggered cell FDRE clocked by sys_clk  {rise@0.000ns fall@10.000ns period=20.000ns})
  Path Group:             (none)
  Path Type:              Hold (Min at Fast Process Corner)
  Data Path Delay:        2.053ns  (logic 0.458ns (22.310%)  route 1.595ns (77.690%))
  Logic Levels:           2  (IBUF=1 LUT6=1)
  Clock Path Skew:        1.968ns (DCD - SCD - CPR)
    Destination Clock Delay (DCD):    1.968ns
    Source Clock Delay      (SCD):    0.000ns
    Clock Pessimism Removal (CPR):    -0.000ns

    Location             Delay type                Incr(ns)  Path(ns)    Netlist Resource(s)
  -------------------------------------------------------------------    -------------------
    C2                                                0.000     0.000 r  S[7] (IN)
                         net (fo=0)                   0.000     0.000    S[7]
    C2                   IBUF (Prop_ibuf_I_O)         0.413     0.413 r  S_IBUF[7]_inst/O
                         net (fo=3, routed)           1.595     2.008    CTRL/S_IBUF[4]
    SLICE_X2Y81          LUT6 (Prop_lut6_I3_O)        0.045     2.053 r  CTRL/Aval[7]_i_3/O
                         net (fo=1, routed)           0.000     2.053    CTRL_n_6
    SLICE_X2Y81          FDRE                                         r  Aval_reg[7]/D
  -------------------------------------------------------------------    -------------------

                         (clock sys_clk rise edge)    0.000     0.000 r  
    N15                                               0.000     0.000 r  clk (IN)
                         net (fo=0)                   0.000     0.000    clk
    N15                  IBUF (Prop_ibuf_I_O)         0.396     0.396 r  clk_IBUF_inst/O
                         net (fo=1, routed)           0.689     1.085    clk_IBUF
    BUFGCTRL_X0Y0        BUFG (Prop_bufg_I_O)         0.029     1.114 r  clk_IBUF_BUFG_inst/O
                         net (fo=242, routed)         0.854     1.968    clk_IBUF_BUFG
    SLICE_X2Y81          FDRE                                         r  Aval_reg[7]/C





