Copyright 1986-2022 Xilinx, Inc. All Rights Reserved.
---------------------------------------------------------------------------------------------------------------------------------------------------------------------------------------------------------------------------------------
| Tool Version : Vivado v.2022.2 (win64) Build 3671981 Fri Oct 14 05:00:03 MDT 2022
| Date         : Mon Feb 23 11:40:15 2026
| Host         : Ryans-Laptop running 64-bit major release  (build 9200)
| Command      : report_timing_summary -max_paths 10 -report_unconstrained -file adder_toplevel_timing_summary_routed.rpt -pb adder_toplevel_timing_summary_routed.pb -rpx adder_toplevel_timing_summary_routed.rpx -warn_on_violation
| Design       : adder_toplevel
| Device       : 7s50-csga324
| Speed File   : -1  PRODUCTION 1.23 2018-06-13
---------------------------------------------------------------------------------------------------------------------------------------------------------------------------------------------------------------------------------------

Timing Summary Report

------------------------------------------------------------------------------------------------
| Timer Settings
| --------------
------------------------------------------------------------------------------------------------

  Enable Multi Corner Analysis               :  Yes
  Enable Pessimism Removal                   :  Yes
  Pessimism Removal Resolution               :  Nearest Common Node
  Enable Input Delay Default Clock           :  No
  Enable Preset / Clear Arcs                 :  No
  Disable Flight Delays                      :  No
  Ignore I/O Paths                           :  No
  Timing Early Launch at Borrowing Latches   :  No
  Borrow Time for Max Delay Exceptions       :  Yes
  Merge Timing Exceptions                    :  Yes

  Corner  Analyze    Analyze    
  Name    Max Paths  Min Paths  
  ------  ---------  ---------  
  Slow    Yes        Yes        
  Fast    Yes        Yes        


------------------------------------------------------------------------------------------------
| Report Methodology
| ------------------
------------------------------------------------------------------------------------------------

Rule       Severity  Description                    Violations  
---------  --------  -----------------------------  ----------  
TIMING-18  Warning   Missing input or output delay  43          

Note: This report is based on the most recent report_methodology run and may not be up-to-date. Run report_methodology on the current design for the latest report.



check_timing report

Table of Contents
-----------------
1. checking no_clock (0)
2. checking constant_clock (0)
3. checking pulse_width_clock (0)
4. checking unconstrained_internal_endpoints (0)
5. checking no_input_delay (18)
6. checking no_output_delay (23)
7. checking multiple_clock (0)
8. checking generated_clocks (0)
9. checking loops (0)
10. checking partial_input_delay (0)
11. checking partial_output_delay (0)
12. checking latch_loops (0)

1. checking no_clock (0)
------------------------
 There are 0 register/latch pins with no clock.


2. checking constant_clock (0)
------------------------------
 There are 0 register/latch pins with constant_clock.


3. checking pulse_width_clock (0)
---------------------------------
 There are 0 register/latch pins which need pulse_width check


4. checking unconstrained_internal_endpoints (0)
------------------------------------------------
 There are 0 pins that are not constrained for maximum delay.

 There are 0 pins that are not constrained for maximum delay due to constant clock.


5. checking no_input_delay (18)
-------------------------------
 There are 18 input ports with no input delay specified. (HIGH)

 There are 0 input ports with no input delay but user has a false path constraint.


6. checking no_output_delay (23)
--------------------------------
 There are 23 ports with no output delay specified. (HIGH)

 There are 0 ports with no output delay but user has a false path constraint

 There are 0 ports with no output delay but with a timing clock defined on it or propagating through it


7. checking multiple_clock (0)
------------------------------
 There are 0 register/latch pins with multiple clocks.


8. checking generated_clocks (0)
--------------------------------
 There are 0 generated clocks that are not connected to a clock source.


9. checking loops (0)
---------------------
 There are 0 combinational loops in the design.


10. checking partial_input_delay (0)
------------------------------------
 There are 0 input ports with partial input delay specified.


11. checking partial_output_delay (0)
-------------------------------------
 There are 0 ports with partial output delay specified.


12. checking latch_loops (0)
----------------------------
 There are 0 combinational latch loops in the design through latch input



------------------------------------------------------------------------------------------------
| Design Timing Summary
| ---------------------
------------------------------------------------------------------------------------------------

    WNS(ns)      TNS(ns)  TNS Failing Endpoints  TNS Total Endpoints      WHS(ns)      THS(ns)  THS Failing Endpoints  THS Total Endpoints     WPWS(ns)     TPWS(ns)  TPWS Failing Endpoints  TPWS Total Endpoints  
    -------      -------  ---------------------  -------------------      -------      -------  ---------------------  -------------------     --------     --------  ----------------------  --------------------  
      2.857        0.000                      0                  187        0.205        0.000                      0                  187        4.500        0.000                       0                    91  


All user specified timing constraints are met.


------------------------------------------------------------------------------------------------
| Clock Summary
| -------------
------------------------------------------------------------------------------------------------

Clock  Waveform(ns)       Period(ns)      Frequency(MHz)
-----  ------------       ----------      --------------
clk    {0.000 5.000}      10.000          100.000         


------------------------------------------------------------------------------------------------
| Intra Clock Table
| -----------------
------------------------------------------------------------------------------------------------

Clock             WNS(ns)      TNS(ns)  TNS Failing Endpoints  TNS Total Endpoints      WHS(ns)      THS(ns)  THS Failing Endpoints  THS Total Endpoints     WPWS(ns)     TPWS(ns)  TPWS Failing Endpoints  TPWS Total Endpoints  
-----             -------      -------  ---------------------  -------------------      -------      -------  ---------------------  -------------------     --------     --------  ----------------------  --------------------  
clk                 2.857        0.000                      0                  187        0.205        0.000                      0                  187        4.500        0.000                       0                    91  


------------------------------------------------------------------------------------------------
| Inter Clock Table
| -----------------
------------------------------------------------------------------------------------------------

From Clock    To Clock          WNS(ns)      TNS(ns)  TNS Failing Endpoints  TNS Total Endpoints      WHS(ns)      THS(ns)  THS Failing Endpoints  THS Total Endpoints  
----------    --------          -------      -------  ---------------------  -------------------      -------      -------  ---------------------  -------------------  


------------------------------------------------------------------------------------------------
| Other Path Groups Table
| -----------------------
------------------------------------------------------------------------------------------------

Path Group    From Clock    To Clock          WNS(ns)      TNS(ns)  TNS Failing Endpoints  TNS Total Endpoints      WHS(ns)      THS(ns)  THS Failing Endpoints  THS Total Endpoints  
----------    ----------    --------          -------      -------  ---------------------  -------------------      -------      -------  ---------------------  -------------------  


------------------------------------------------------------------------------------------------
| User Ignored Path Table
| -----------------------
------------------------------------------------------------------------------------------------

Path Group    From Clock    To Clock    
----------    ----------    --------    


------------------------------------------------------------------------------------------------
| Unconstrained Path Table
| ------------------------
------------------------------------------------------------------------------------------------

Path Group    From Clock    To Clock    
----------    ----------    --------    
(none)        clk                         
(none)                      clk           


------------------------------------------------------------------------------------------------
| Timing Details
| --------------
------------------------------------------------------------------------------------------------


---------------------------------------------------------------------------------------------------
From Clock:  clk
  To Clock:  clk

Setup :            0  Failing Endpoints,  Worst Slack        2.857ns,  Total Violation        0.000ns
Hold  :            0  Failing Endpoints,  Worst Slack        0.205ns,  Total Violation        0.000ns
PW    :            0  Failing Endpoints,  Worst Slack        4.500ns,  Total Violation        0.000ns
---------------------------------------------------------------------------------------------------


Max Delay Paths
--------------------------------------------------------------------------------------
Slack (MET) :             2.857ns  (required time - arrival time)
  Source:                 sw_sync/data_q_reg[0]/C
                            (rising edge-triggered cell FDRE clocked by clk  {rise@0.000ns fall@5.000ns period=10.000ns})
  Destination:            reg_unit/data_q_reg[13]/D
                            (rising edge-triggered cell FDRE clocked by clk  {rise@0.000ns fall@5.000ns period=10.000ns})
  Path Group:             clk
  Path Type:              Setup (Max at Slow Process Corner)
  Requirement:            10.000ns  (clk rise@10.000ns - clk rise@0.000ns)
  Data Path Delay:        7.121ns  (logic 2.217ns (31.135%)  route 4.904ns (68.865%))
  Logic Levels:           7  (LUT3=1 LUT5=5 LUT6=1)
  Clock Path Skew:        -0.016ns (DCD - SCD + CPR)
    Destination Clock Delay (DCD):    4.833ns = ( 14.833 - 10.000 ) 
    Source Clock Delay      (SCD):    5.120ns
    Clock Pessimism Removal (CPR):    0.271ns
  Clock Uncertainty:      0.035ns  ((TSJ^2 + TIJ^2)^1/2 + DJ) / 2 + PE
    Total System Jitter     (TSJ):    0.071ns
    Total Input Jitter      (TIJ):    0.000ns
    Discrete Jitter          (DJ):    0.000ns
    Phase Error              (PE):    0.000ns

    Location             Delay type                Incr(ns)  Path(ns)    Netlist Resource(s)
  -------------------------------------------------------------------    -------------------
                         (clock clk rise edge)        0.000     0.000 r  
    N15                                               0.000     0.000 r  clk (IN)
                         net (fo=0)                   0.000     0.000    clk
    N15                  IBUF (Prop_ibuf_I_O)         1.440     1.440 r  clk_IBUF_inst/O
                         net (fo=1, routed)           1.972     3.412    clk_IBUF
    BUFGCTRL_X0Y0        BUFG (Prop_bufg_I_O)         0.096     3.508 r  clk_IBUF_BUFG_inst/O
                         net (fo=90, routed)          1.612     5.120    sw_sync/clk_IBUF_BUFG
    SLICE_X65Y78         FDRE                                         r  sw_sync/data_q_reg[0]/C
  -------------------------------------------------------------------    -------------------
    SLICE_X65Y78         FDRE (Prop_fdre_C_Q)         0.456     5.576 r  sw_sync/data_q_reg[0]/Q
                         net (fo=11, routed)          1.364     6.940    sw_sync/data_q_reg[2]_0[0]
    SLICE_X63Y82         LUT6 (Prop_lut6_I0_O)        0.124     7.064 r  sw_sync/data_q[4]_i_2/O
                         net (fo=4, routed)           0.828     7.892    sw_sync/data_q[4]_i_2_n_0
    SLICE_X63Y83         LUT5 (Prop_lut5_I0_O)        0.152     8.044 r  sw_sync/data_q[6]_i_2/O
                         net (fo=3, routed)           0.448     8.491    sw_sync/data_q[6]_i_2_n_0
    SLICE_X63Y83         LUT5 (Prop_lut5_I0_O)        0.355     8.846 r  sw_sync/data_q[8]_i_2/O
                         net (fo=3, routed)           0.517     9.363    sw_sync/data_q[8]_i_2_n_0
    SLICE_X62Y83         LUT5 (Prop_lut5_I0_O)        0.327     9.690 r  sw_sync/data_q[10]_i_2/O
                         net (fo=3, routed)           0.586    10.276    sw_sync/data_q[10]_i_2_n_0
    SLICE_X63Y84         LUT5 (Prop_lut5_I0_O)        0.150    10.426 r  sw_sync/data_q[12]_i_2/O
                         net (fo=3, routed)           0.473    10.900    sw_sync/data_q[12]_i_2_n_0
    SLICE_X63Y84         LUT5 (Prop_lut5_I0_O)        0.321    11.221 r  sw_sync/data_q[14]_i_2/O
                         net (fo=2, routed)           0.688    11.909    sw_sync/data_q[14]_i_2_n_0
    SLICE_X63Y85         LUT3 (Prop_lut3_I0_O)        0.332    12.241 r  sw_sync/data_q[13]_i_1/O
                         net (fo=1, routed)           0.000    12.241    reg_unit/D[11]
    SLICE_X63Y85         FDRE                                         r  reg_unit/data_q_reg[13]/D
  -------------------------------------------------------------------    -------------------

                         (clock clk rise edge)       10.000    10.000 r  
    N15                                               0.000    10.000 r  clk (IN)
                         net (fo=0)                   0.000    10.000    clk
    N15                  IBUF (Prop_ibuf_I_O)         1.370    11.370 r  clk_IBUF_inst/O
                         net (fo=1, routed)           1.868    13.238    clk_IBUF
    BUFGCTRL_X0Y0        BUFG (Prop_bufg_I_O)         0.091    13.329 r  clk_IBUF_BUFG_inst/O
                         net (fo=90, routed)          1.504    14.833    reg_unit/clk_IBUF_BUFG
    SLICE_X63Y85         FDRE                                         r  reg_unit/data_q_reg[13]/C
                         clock pessimism              0.271    15.104    
                         clock uncertainty           -0.035    15.068    
    SLICE_X63Y85         FDRE (Setup_fdre_C_D)        0.029    15.097    reg_unit/data_q_reg[13]
  -------------------------------------------------------------------
                         required time                         15.097    
                         arrival time                         -12.241    
  -------------------------------------------------------------------
                         slack                                  2.857    

Slack (MET) :             2.909ns  (required time - arrival time)
  Source:                 sw_sync/data_q_reg[0]/C
                            (rising edge-triggered cell FDRE clocked by clk  {rise@0.000ns fall@5.000ns period=10.000ns})
  Destination:            reg_unit/data_q_reg[14]/D
                            (rising edge-triggered cell FDRE clocked by clk  {rise@0.000ns fall@5.000ns period=10.000ns})
  Path Group:             clk
  Path Type:              Setup (Max at Slow Process Corner)
  Requirement:            10.000ns  (clk rise@10.000ns - clk rise@0.000ns)
  Data Path Delay:        7.115ns  (logic 2.211ns (31.077%)  route 4.904ns (68.923%))
  Logic Levels:           7  (LUT5=6 LUT6=1)
  Clock Path Skew:        -0.016ns (DCD - SCD + CPR)
    Destination Clock Delay (DCD):    4.833ns = ( 14.833 - 10.000 ) 
    Source Clock Delay      (SCD):    5.120ns
    Clock Pessimism Removal (CPR):    0.271ns
  Clock Uncertainty:      0.035ns  ((TSJ^2 + TIJ^2)^1/2 + DJ) / 2 + PE
    Total System Jitter     (TSJ):    0.071ns
    Total Input Jitter      (TIJ):    0.000ns
    Discrete Jitter          (DJ):    0.000ns
    Phase Error              (PE):    0.000ns

    Location             Delay type                Incr(ns)  Path(ns)    Netlist Resource(s)
  -------------------------------------------------------------------    -------------------
                         (clock clk rise edge)        0.000     0.000 r  
    N15                                               0.000     0.000 r  clk (IN)
                         net (fo=0)                   0.000     0.000    clk
    N15                  IBUF (Prop_ibuf_I_O)         1.440     1.440 r  clk_IBUF_inst/O
                         net (fo=1, routed)           1.972     3.412    clk_IBUF
    BUFGCTRL_X0Y0        BUFG (Prop_bufg_I_O)         0.096     3.508 r  clk_IBUF_BUFG_inst/O
                         net (fo=90, routed)          1.612     5.120    sw_sync/clk_IBUF_BUFG
    SLICE_X65Y78         FDRE                                         r  sw_sync/data_q_reg[0]/C
  -------------------------------------------------------------------    -------------------
    SLICE_X65Y78         FDRE (Prop_fdre_C_Q)         0.456     5.576 r  sw_sync/data_q_reg[0]/Q
                         net (fo=11, routed)          1.364     6.940    sw_sync/data_q_reg[2]_0[0]
    SLICE_X63Y82         LUT6 (Prop_lut6_I0_O)        0.124     7.064 r  sw_sync/data_q[4]_i_2/O
                         net (fo=4, routed)           0.828     7.892    sw_sync/data_q[4]_i_2_n_0
    SLICE_X63Y83         LUT5 (Prop_lut5_I0_O)        0.152     8.044 r  sw_sync/data_q[6]_i_2/O
                         net (fo=3, routed)           0.448     8.491    sw_sync/data_q[6]_i_2_n_0
    SLICE_X63Y83         LUT5 (Prop_lut5_I0_O)        0.355     8.846 r  sw_sync/data_q[8]_i_2/O
                         net (fo=3, routed)           0.517     9.363    sw_sync/data_q[8]_i_2_n_0
    SLICE_X62Y83         LUT5 (Prop_lut5_I0_O)        0.327     9.690 r  sw_sync/data_q[10]_i_2/O
                         net (fo=3, routed)           0.586    10.276    sw_sync/data_q[10]_i_2_n_0
    SLICE_X63Y84         LUT5 (Prop_lut5_I0_O)        0.150    10.426 r  sw_sync/data_q[12]_i_2/O
                         net (fo=3, routed)           0.473    10.900    sw_sync/data_q[12]_i_2_n_0
    SLICE_X63Y84         LUT5 (Prop_lut5_I0_O)        0.321    11.221 r  sw_sync/data_q[14]_i_2/O
                         net (fo=2, routed)           0.688    11.909    sw_sync/data_q[14]_i_2_n_0
    SLICE_X63Y85         LUT5 (Prop_lut5_I2_O)        0.326    12.235 r  sw_sync/data_q[14]_i_1/O
                         net (fo=1, routed)           0.000    12.235    reg_unit/D[12]
    SLICE_X63Y85         FDRE                                         r  reg_unit/data_q_reg[14]/D
  -------------------------------------------------------------------    -------------------

                         (clock clk rise edge)       10.000    10.000 r  
    N15                                               0.000    10.000 r  clk (IN)
                         net (fo=0)                   0.000    10.000    clk
    N15                  IBUF (Prop_ibuf_I_O)         1.370    11.370 r  clk_IBUF_inst/O
                         net (fo=1, routed)           1.868    13.238    clk_IBUF
    BUFGCTRL_X0Y0        BUFG (Prop_bufg_I_O)         0.091    13.329 r  clk_IBUF_BUFG_inst/O
                         net (fo=90, routed)          1.504    14.833    reg_unit/clk_IBUF_BUFG
    SLICE_X63Y85         FDRE                                         r  reg_unit/data_q_reg[14]/C
                         clock pessimism              0.271    15.104    
                         clock uncertainty           -0.035    15.068    
    SLICE_X63Y85         FDRE (Setup_fdre_C_D)        0.075    15.143    reg_unit/data_q_reg[14]
  -------------------------------------------------------------------
                         required time                         15.143    
                         arrival time                         -12.235    
  -------------------------------------------------------------------
                         slack                                  2.909    

Slack (MET) :             3.873ns  (required time - arrival time)
  Source:                 sw_sync/data_q_reg[0]/C
                            (rising edge-triggered cell FDRE clocked by clk  {rise@0.000ns fall@5.000ns period=10.000ns})
  Destination:            reg_unit/data_q_reg[12]/D
                            (rising edge-triggered cell FDRE clocked by clk  {rise@0.000ns fall@5.000ns period=10.000ns})
  Path Group:             clk
  Path Type:              Setup (Max at Slow Process Corner)
  Requirement:            10.000ns  (clk rise@10.000ns - clk rise@0.000ns)
  Data Path Delay:        6.106ns  (logic 1.890ns (30.955%)  route 4.216ns (69.045%))
  Logic Levels:           6  (LUT5=5 LUT6=1)
  Clock Path Skew:        -0.017ns (DCD - SCD + CPR)
    Destination Clock Delay (DCD):    4.832ns = ( 14.832 - 10.000 ) 
    Source Clock Delay      (SCD):    5.120ns
    Clock Pessimism Removal (CPR):    0.271ns
  Clock Uncertainty:      0.035ns  ((TSJ^2 + TIJ^2)^1/2 + DJ) / 2 + PE
    Total System Jitter     (TSJ):    0.071ns
    Total Input Jitter      (TIJ):    0.000ns
    Discrete Jitter          (DJ):    0.000ns
    Phase Error              (PE):    0.000ns

    Location             Delay type                Incr(ns)  Path(ns)    Netlist Resource(s)
  -------------------------------------------------------------------    -------------------
                         (clock clk rise edge)        0.000     0.000 r  
    N15                                               0.000     0.000 r  clk (IN)
                         net (fo=0)                   0.000     0.000    clk
    N15                  IBUF (Prop_ibuf_I_O)         1.440     1.440 r  clk_IBUF_inst/O
                         net (fo=1, routed)           1.972     3.412    clk_IBUF
    BUFGCTRL_X0Y0        BUFG (Prop_bufg_I_O)         0.096     3.508 r  clk_IBUF_BUFG_inst/O
                         net (fo=90, routed)          1.612     5.120    sw_sync/clk_IBUF_BUFG
    SLICE_X65Y78         FDRE                                         r  sw_sync/data_q_reg[0]/C
  -------------------------------------------------------------------    -------------------
    SLICE_X65Y78         FDRE (Prop_fdre_C_Q)         0.456     5.576 r  sw_sync/data_q_reg[0]/Q
                         net (fo=11, routed)          1.364     6.940    sw_sync/data_q_reg[2]_0[0]
    SLICE_X63Y82         LUT6 (Prop_lut6_I0_O)        0.124     7.064 r  sw_sync/data_q[4]_i_2/O
                         net (fo=4, routed)           0.828     7.892    sw_sync/data_q[4]_i_2_n_0
    SLICE_X63Y83         LUT5 (Prop_lut5_I0_O)        0.152     8.044 r  sw_sync/data_q[6]_i_2/O
                         net (fo=3, routed)           0.448     8.491    sw_sync/data_q[6]_i_2_n_0
    SLICE_X63Y83         LUT5 (Prop_lut5_I0_O)        0.355     8.846 r  sw_sync/data_q[8]_i_2/O
                         net (fo=3, routed)           0.517     9.363    sw_sync/data_q[8]_i_2_n_0
    SLICE_X62Y83         LUT5 (Prop_lut5_I0_O)        0.327     9.690 r  sw_sync/data_q[10]_i_2/O
                         net (fo=3, routed)           0.586    10.276    sw_sync/data_q[10]_i_2_n_0
    SLICE_X63Y84         LUT5 (Prop_lut5_I0_O)        0.150    10.426 r  sw_sync/data_q[12]_i_2/O
                         net (fo=3, routed)           0.473    10.900    sw_sync/data_q[12]_i_2_n_0
    SLICE_X63Y84         LUT5 (Prop_lut5_I2_O)        0.326    11.226 r  sw_sync/data_q[12]_i_1/O
                         net (fo=1, routed)           0.000    11.226    reg_unit/D[10]
    SLICE_X63Y84         FDRE                                         r  reg_unit/data_q_reg[12]/D
  -------------------------------------------------------------------    -------------------

                         (clock clk rise edge)       10.000    10.000 r  
    N15                                               0.000    10.000 r  clk (IN)
                         net (fo=0)                   0.000    10.000    clk
    N15                  IBUF (Prop_ibuf_I_O)         1.370    11.370 r  clk_IBUF_inst/O
                         net (fo=1, routed)           1.868    13.238    clk_IBUF
    BUFGCTRL_X0Y0        BUFG (Prop_bufg_I_O)         0.091    13.329 r  clk_IBUF_BUFG_inst/O
                         net (fo=90, routed)          1.503    14.832    reg_unit/clk_IBUF_BUFG
    SLICE_X63Y84         FDRE                                         r  reg_unit/data_q_reg[12]/C
                         clock pessimism              0.271    15.103    
                         clock uncertainty           -0.035    15.067    
    SLICE_X63Y84         FDRE (Setup_fdre_C_D)        0.031    15.098    reg_unit/data_q_reg[12]
  -------------------------------------------------------------------
                         required time                         15.098    
                         arrival time                         -11.226    
  -------------------------------------------------------------------
                         slack                                  3.873    

Slack (MET) :             3.919ns  (required time - arrival time)
  Source:                 sw_sync/data_q_reg[0]/C
                            (rising edge-triggered cell FDRE clocked by clk  {rise@0.000ns fall@5.000ns period=10.000ns})
  Destination:            reg_unit/data_q_reg[11]/D
                            (rising edge-triggered cell FDRE clocked by clk  {rise@0.000ns fall@5.000ns period=10.000ns})
  Path Group:             clk
  Path Type:              Setup (Max at Slow Process Corner)
  Requirement:            10.000ns  (clk rise@10.000ns - clk rise@0.000ns)
  Data Path Delay:        6.105ns  (logic 1.890ns (30.956%)  route 4.215ns (69.044%))
  Logic Levels:           6  (LUT3=1 LUT5=4 LUT6=1)
  Clock Path Skew:        -0.017ns (DCD - SCD + CPR)
    Destination Clock Delay (DCD):    4.832ns = ( 14.832 - 10.000 ) 
    Source Clock Delay      (SCD):    5.120ns
    Clock Pessimism Removal (CPR):    0.271ns
  Clock Uncertainty:      0.035ns  ((TSJ^2 + TIJ^2)^1/2 + DJ) / 2 + PE
    Total System Jitter     (TSJ):    0.071ns
    Total Input Jitter      (TIJ):    0.000ns
    Discrete Jitter          (DJ):    0.000ns
    Phase Error              (PE):    0.000ns

    Location             Delay type                Incr(ns)  Path(ns)    Netlist Resource(s)
  -------------------------------------------------------------------    -------------------
                         (clock clk rise edge)        0.000     0.000 r  
    N15                                               0.000     0.000 r  clk (IN)
                         net (fo=0)                   0.000     0.000    clk
    N15                  IBUF (Prop_ibuf_I_O)         1.440     1.440 r  clk_IBUF_inst/O
                         net (fo=1, routed)           1.972     3.412    clk_IBUF
    BUFGCTRL_X0Y0        BUFG (Prop_bufg_I_O)         0.096     3.508 r  clk_IBUF_BUFG_inst/O
                         net (fo=90, routed)          1.612     5.120    sw_sync/clk_IBUF_BUFG
    SLICE_X65Y78         FDRE                                         r  sw_sync/data_q_reg[0]/C
  -------------------------------------------------------------------    -------------------
    SLICE_X65Y78         FDRE (Prop_fdre_C_Q)         0.456     5.576 r  sw_sync/data_q_reg[0]/Q
                         net (fo=11, routed)          1.364     6.940    sw_sync/data_q_reg[2]_0[0]
    SLICE_X63Y82         LUT6 (Prop_lut6_I0_O)        0.124     7.064 r  sw_sync/data_q[4]_i_2/O
                         net (fo=4, routed)           0.828     7.892    sw_sync/data_q[4]_i_2_n_0
    SLICE_X63Y83         LUT5 (Prop_lut5_I0_O)        0.152     8.044 r  sw_sync/data_q[6]_i_2/O
                         net (fo=3, routed)           0.448     8.491    sw_sync/data_q[6]_i_2_n_0
    SLICE_X63Y83         LUT5 (Prop_lut5_I0_O)        0.355     8.846 r  sw_sync/data_q[8]_i_2/O
                         net (fo=3, routed)           0.517     9.363    sw_sync/data_q[8]_i_2_n_0
    SLICE_X62Y83         LUT5 (Prop_lut5_I0_O)        0.327     9.690 r  sw_sync/data_q[10]_i_2/O
                         net (fo=3, routed)           0.586    10.276    sw_sync/data_q[10]_i_2_n_0
    SLICE_X63Y84         LUT5 (Prop_lut5_I0_O)        0.150    10.426 r  sw_sync/data_q[12]_i_2/O
                         net (fo=3, routed)           0.473    10.899    sw_sync/data_q[12]_i_2_n_0
    SLICE_X64Y84         LUT3 (Prop_lut3_I0_O)        0.326    11.225 r  sw_sync/data_q[11]_i_1/O
                         net (fo=1, routed)           0.000    11.225    reg_unit/D[9]
    SLICE_X64Y84         FDRE                                         r  reg_unit/data_q_reg[11]/D
  -------------------------------------------------------------------    -------------------

                         (clock clk rise edge)       10.000    10.000 r  
    N15                                               0.000    10.000 r  clk (IN)
                         net (fo=0)                   0.000    10.000    clk
    N15                  IBUF (Prop_ibuf_I_O)         1.370    11.370 r  clk_IBUF_inst/O
                         net (fo=1, routed)           1.868    13.238    clk_IBUF
    BUFGCTRL_X0Y0        BUFG (Prop_bufg_I_O)         0.091    13.329 r  clk_IBUF_BUFG_inst/O
                         net (fo=90, routed)          1.503    14.832    reg_unit/clk_IBUF_BUFG
    SLICE_X64Y84         FDRE                                         r  reg_unit/data_q_reg[11]/C
                         clock pessimism              0.271    15.103    
                         clock uncertainty           -0.035    15.067    
    SLICE_X64Y84         FDRE (Setup_fdre_C_D)        0.077    15.144    reg_unit/data_q_reg[11]
  -------------------------------------------------------------------
                         required time                         15.144    
                         arrival time                         -11.225    
  -------------------------------------------------------------------
                         slack                                  3.919    

Slack (MET) :             4.696ns  (required time - arrival time)
  Source:                 sw_sync/data_q_reg[0]/C
                            (rising edge-triggered cell FDRE clocked by clk  {rise@0.000ns fall@5.000ns period=10.000ns})
  Destination:            reg_unit/data_q_reg[10]/D
                            (rising edge-triggered cell FDRE clocked by clk  {rise@0.000ns fall@5.000ns period=10.000ns})
  Path Group:             clk
  Path Type:              Setup (Max at Slow Process Corner)
  Requirement:            10.000ns  (clk rise@10.000ns - clk rise@0.000ns)
  Data Path Delay:        5.280ns  (logic 1.538ns (29.127%)  route 3.742ns (70.873%))
  Logic Levels:           5  (LUT5=4 LUT6=1)
  Clock Path Skew:        -0.017ns (DCD - SCD + CPR)
    Destination Clock Delay (DCD):    4.832ns = ( 14.832 - 10.000 ) 
    Source Clock Delay      (SCD):    5.120ns
    Clock Pessimism Removal (CPR):    0.271ns
  Clock Uncertainty:      0.035ns  ((TSJ^2 + TIJ^2)^1/2 + DJ) / 2 + PE
    Total System Jitter     (TSJ):    0.071ns
    Total Input Jitter      (TIJ):    0.000ns
    Discrete Jitter          (DJ):    0.000ns
    Phase Error              (PE):    0.000ns

    Location             Delay type                Incr(ns)  Path(ns)    Netlist Resource(s)
  -------------------------------------------------------------------    -------------------
                         (clock clk rise edge)        0.000     0.000 r  
    N15                                               0.000     0.000 r  clk (IN)
                         net (fo=0)                   0.000     0.000    clk
    N15                  IBUF (Prop_ibuf_I_O)         1.440     1.440 r  clk_IBUF_inst/O
                         net (fo=1, routed)           1.972     3.412    clk_IBUF
    BUFGCTRL_X0Y0        BUFG (Prop_bufg_I_O)         0.096     3.508 r  clk_IBUF_BUFG_inst/O
                         net (fo=90, routed)          1.612     5.120    sw_sync/clk_IBUF_BUFG
    SLICE_X65Y78         FDRE                                         r  sw_sync/data_q_reg[0]/C
  -------------------------------------------------------------------    -------------------
    SLICE_X65Y78         FDRE (Prop_fdre_C_Q)         0.456     5.576 r  sw_sync/data_q_reg[0]/Q
                         net (fo=11, routed)          1.364     6.940    sw_sync/data_q_reg[2]_0[0]
    SLICE_X63Y82         LUT6 (Prop_lut6_I0_O)        0.124     7.064 r  sw_sync/data_q[4]_i_2/O
                         net (fo=4, routed)           0.828     7.892    sw_sync/data_q[4]_i_2_n_0
    SLICE_X63Y83         LUT5 (Prop_lut5_I0_O)        0.152     8.044 r  sw_sync/data_q[6]_i_2/O
                         net (fo=3, routed)           0.448     8.491    sw_sync/data_q[6]_i_2_n_0
    SLICE_X63Y83         LUT5 (Prop_lut5_I0_O)        0.355     8.846 r  sw_sync/data_q[8]_i_2/O
                         net (fo=3, routed)           0.517     9.363    sw_sync/data_q[8]_i_2_n_0
    SLICE_X62Y83         LUT5 (Prop_lut5_I0_O)        0.327     9.690 r  sw_sync/data_q[10]_i_2/O
                         net (fo=3, routed)           0.586    10.276    sw_sync/data_q[10]_i_2_n_0
    SLICE_X63Y84         LUT5 (Prop_lut5_I2_O)        0.124    10.400 r  sw_sync/data_q[10]_i_1/O
                         net (fo=1, routed)           0.000    10.400    reg_unit/D[8]
    SLICE_X63Y84         FDRE                                         r  reg_unit/data_q_reg[10]/D
  -------------------------------------------------------------------    -------------------

                         (clock clk rise edge)       10.000    10.000 r  
    N15                                               0.000    10.000 r  clk (IN)
                         net (fo=0)                   0.000    10.000    clk
    N15                  IBUF (Prop_ibuf_I_O)         1.370    11.370 r  clk_IBUF_inst/O
                         net (fo=1, routed)           1.868    13.238    clk_IBUF
    BUFGCTRL_X0Y0        BUFG (Prop_bufg_I_O)         0.091    13.329 r  clk_IBUF_BUFG_inst/O
                         net (fo=90, routed)          1.503    14.832    reg_unit/clk_IBUF_BUFG
    SLICE_X63Y84         FDRE                                         r  reg_unit/data_q_reg[10]/C
                         clock pessimism              0.271    15.103    
                         clock uncertainty           -0.035    15.067    
    SLICE_X63Y84         FDRE (Setup_fdre_C_D)        0.029    15.096    reg_unit/data_q_reg[10]
  -------------------------------------------------------------------
                         required time                         15.096    
                         arrival time                         -10.400    
  -------------------------------------------------------------------
                         slack                                  4.696    

Slack (MET) :             4.727ns  (required time - arrival time)
  Source:                 sw_sync/data_q_reg[0]/C
                            (rising edge-triggered cell FDRE clocked by clk  {rise@0.000ns fall@5.000ns period=10.000ns})
  Destination:            reg_unit/data_q_reg[8]/D
                            (rising edge-triggered cell FDRE clocked by clk  {rise@0.000ns fall@5.000ns period=10.000ns})
  Path Group:             clk
  Path Type:              Setup (Max at Slow Process Corner)
  Requirement:            10.000ns  (clk rise@10.000ns - clk rise@0.000ns)
  Data Path Delay:        4.945ns  (logic 1.442ns (29.163%)  route 3.503ns (70.837%))
  Logic Levels:           4  (LUT5=3 LUT6=1)
  Clock Path Skew:        -0.018ns (DCD - SCD + CPR)
    Destination Clock Delay (DCD):    4.831ns = ( 14.831 - 10.000 ) 
    Source Clock Delay      (SCD):    5.120ns
    Clock Pessimism Removal (CPR):    0.271ns
  Clock Uncertainty:      0.035ns  ((TSJ^2 + TIJ^2)^1/2 + DJ) / 2 + PE
    Total System Jitter     (TSJ):    0.071ns
    Total Input Jitter      (TIJ):    0.000ns
    Discrete Jitter          (DJ):    0.000ns
    Phase Error              (PE):    0.000ns

    Location             Delay type                Incr(ns)  Path(ns)    Netlist Resource(s)
  -------------------------------------------------------------------    -------------------
                         (clock clk rise edge)        0.000     0.000 r  
    N15                                               0.000     0.000 r  clk (IN)
                         net (fo=0)                   0.000     0.000    clk
    N15                  IBUF (Prop_ibuf_I_O)         1.440     1.440 r  clk_IBUF_inst/O
                         net (fo=1, routed)           1.972     3.412    clk_IBUF
    BUFGCTRL_X0Y0        BUFG (Prop_bufg_I_O)         0.096     3.508 r  clk_IBUF_BUFG_inst/O
                         net (fo=90, routed)          1.612     5.120    sw_sync/clk_IBUF_BUFG
    SLICE_X65Y78         FDRE                                         r  sw_sync/data_q_reg[0]/C
  -------------------------------------------------------------------    -------------------
    SLICE_X65Y78         FDRE (Prop_fdre_C_Q)         0.456     5.576 r  sw_sync/data_q_reg[0]/Q
                         net (fo=11, routed)          1.364     6.940    sw_sync/data_q_reg[2]_0[0]
    SLICE_X63Y82         LUT6 (Prop_lut6_I0_O)        0.124     7.064 r  sw_sync/data_q[4]_i_2/O
                         net (fo=4, routed)           0.828     7.892    sw_sync/data_q[4]_i_2_n_0
    SLICE_X63Y83         LUT5 (Prop_lut5_I0_O)        0.152     8.044 r  sw_sync/data_q[6]_i_2/O
                         net (fo=3, routed)           0.448     8.491    sw_sync/data_q[6]_i_2_n_0
    SLICE_X63Y83         LUT5 (Prop_lut5_I0_O)        0.355     8.846 r  sw_sync/data_q[8]_i_2/O
                         net (fo=3, routed)           0.517     9.363    sw_sync/data_q[8]_i_2_n_0
    SLICE_X62Y83         LUT5 (Prop_lut5_I2_O)        0.355     9.718 r  sw_sync/data_q[8]_i_1/O
                         net (fo=1, routed)           0.346    10.064    reg_unit/D[6]
    SLICE_X62Y83         FDRE                                         r  reg_unit/data_q_reg[8]/D
  -------------------------------------------------------------------    -------------------

                         (clock clk rise edge)       10.000    10.000 r  
    N15                                               0.000    10.000 r  clk (IN)
                         net (fo=0)                   0.000    10.000    clk
    N15                  IBUF (Prop_ibuf_I_O)         1.370    11.370 r  clk_IBUF_inst/O
                         net (fo=1, routed)           1.868    13.238    clk_IBUF
    BUFGCTRL_X0Y0        BUFG (Prop_bufg_I_O)         0.091    13.329 r  clk_IBUF_BUFG_inst/O
                         net (fo=90, routed)          1.502    14.831    reg_unit/clk_IBUF_BUFG
    SLICE_X62Y83         FDRE                                         r  reg_unit/data_q_reg[8]/C
                         clock pessimism              0.271    15.102    
                         clock uncertainty           -0.035    15.066    
    SLICE_X62Y83         FDRE (Setup_fdre_C_D)       -0.275    14.791    reg_unit/data_q_reg[8]
  -------------------------------------------------------------------
                         required time                         14.791    
                         arrival time                         -10.064    
  -------------------------------------------------------------------
                         slack                                  4.727    

Slack (MET) :             5.100ns  (required time - arrival time)
  Source:                 sw_sync/data_q_reg[0]/C
                            (rising edge-triggered cell FDRE clocked by clk  {rise@0.000ns fall@5.000ns period=10.000ns})
  Destination:            reg_unit/data_q_reg[15]/D
                            (rising edge-triggered cell FDRE clocked by clk  {rise@0.000ns fall@5.000ns period=10.000ns})
  Path Group:             clk
  Path Type:              Setup (Max at Slow Process Corner)
  Requirement:            10.000ns  (clk rise@10.000ns - clk rise@0.000ns)
  Data Path Delay:        4.910ns  (logic 1.324ns (26.963%)  route 3.586ns (73.037%))
  Logic Levels:           7  (LUT5=4 LUT6=3)
  Clock Path Skew:        -0.031ns (DCD - SCD + CPR)
    Destination Clock Delay (DCD):    4.832ns = ( 14.832 - 10.000 ) 
    Source Clock Delay      (SCD):    5.120ns
    Clock Pessimism Removal (CPR):    0.257ns
  Clock Uncertainty:      0.035ns  ((TSJ^2 + TIJ^2)^1/2 + DJ) / 2 + PE
    Total System Jitter     (TSJ):    0.071ns
    Total Input Jitter      (TIJ):    0.000ns
    Discrete Jitter          (DJ):    0.000ns
    Phase Error              (PE):    0.000ns

    Location             Delay type                Incr(ns)  Path(ns)    Netlist Resource(s)
  -------------------------------------------------------------------    -------------------
                         (clock clk rise edge)        0.000     0.000 r  
    N15                                               0.000     0.000 r  clk (IN)
                         net (fo=0)                   0.000     0.000    clk
    N15                  IBUF (Prop_ibuf_I_O)         1.440     1.440 r  clk_IBUF_inst/O
                         net (fo=1, routed)           1.972     3.412    clk_IBUF
    BUFGCTRL_X0Y0        BUFG (Prop_bufg_I_O)         0.096     3.508 r  clk_IBUF_BUFG_inst/O
                         net (fo=90, routed)          1.612     5.120    sw_sync/clk_IBUF_BUFG
    SLICE_X65Y78         FDRE                                         r  sw_sync/data_q_reg[0]/C
  -------------------------------------------------------------------    -------------------
    SLICE_X65Y78         FDRE (Prop_fdre_C_Q)         0.456     5.576 r  sw_sync/data_q_reg[0]/Q
                         net (fo=11, routed)          1.364     6.940    sw_sync/data_q_reg[2]_0[0]
    SLICE_X63Y82         LUT6 (Prop_lut6_I0_O)        0.124     7.064 r  sw_sync/data_q[4]_i_2/O
                         net (fo=4, routed)           0.366     7.430    sw_sync/data_q[4]_i_2_n_0
    SLICE_X63Y83         LUT6 (Prop_lut6_I5_O)        0.124     7.554 f  sw_sync/data_q[16]_i_7/O
                         net (fo=1, routed)           0.298     7.852    sw_sync/data_q[16]_i_7_n_0
    SLICE_X64Y83         LUT6 (Prop_lut6_I1_O)        0.124     7.976 r  sw_sync/data_q[16]_i_5/O
                         net (fo=1, routed)           0.670     8.647    sw_sync/data_q[16]_i_5_n_0
    SLICE_X64Y83         LUT5 (Prop_lut5_I0_O)        0.124     8.771 r  sw_sync/data_q[16]_i_4/O
                         net (fo=1, routed)           0.162     8.933    sw_sync/data_q[16]_i_4_n_0
    SLICE_X64Y83         LUT5 (Prop_lut5_I0_O)        0.124     9.057 r  sw_sync/data_q[16]_i_3/O
                         net (fo=1, routed)           0.301     9.358    sw_sync/data_q[16]_i_3_n_0
    SLICE_X63Y84         LUT5 (Prop_lut5_I0_O)        0.124     9.482 r  sw_sync/data_q[16]_i_2/O
                         net (fo=2, routed)           0.424     9.906    sw_sync/data_q[16]_i_2_n_0
    SLICE_X60Y85         LUT5 (Prop_lut5_I2_O)        0.124    10.030 r  sw_sync/data_q[15]_i_1/O
                         net (fo=1, routed)           0.000    10.030    reg_unit/D[13]
    SLICE_X60Y85         FDRE                                         r  reg_unit/data_q_reg[15]/D
  -------------------------------------------------------------------    -------------------

                         (clock clk rise edge)       10.000    10.000 r  
    N15                                               0.000    10.000 r  clk (IN)
                         net (fo=0)                   0.000    10.000    clk
    N15                  IBUF (Prop_ibuf_I_O)         1.370    11.370 r  clk_IBUF_inst/O
                         net (fo=1, routed)           1.868    13.238    clk_IBUF
    BUFGCTRL_X0Y0        BUFG (Prop_bufg_I_O)         0.091    13.329 r  clk_IBUF_BUFG_inst/O
                         net (fo=90, routed)          1.503    14.832    reg_unit/clk_IBUF_BUFG
    SLICE_X60Y85         FDRE                                         r  reg_unit/data_q_reg[15]/C
                         clock pessimism              0.257    15.089    
                         clock uncertainty           -0.035    15.053    
    SLICE_X60Y85         FDRE (Setup_fdre_C_D)        0.077    15.130    reg_unit/data_q_reg[15]
  -------------------------------------------------------------------
                         required time                         15.130    
                         arrival time                         -10.030    
  -------------------------------------------------------------------
                         slack                                  5.100    

Slack (MET) :             5.113ns  (required time - arrival time)
  Source:                 sw_sync/data_q_reg[0]/C
                            (rising edge-triggered cell FDRE clocked by clk  {rise@0.000ns fall@5.000ns period=10.000ns})
  Destination:            reg_unit/data_q_reg[9]/D
                            (rising edge-triggered cell FDRE clocked by clk  {rise@0.000ns fall@5.000ns period=10.000ns})
  Path Group:             clk
  Path Type:              Setup (Max at Slow Process Corner)
  Requirement:            10.000ns  (clk rise@10.000ns - clk rise@0.000ns)
  Data Path Delay:        4.864ns  (logic 1.538ns (31.617%)  route 3.326ns (68.383%))
  Logic Levels:           5  (LUT3=1 LUT5=3 LUT6=1)
  Clock Path Skew:        -0.018ns (DCD - SCD + CPR)
    Destination Clock Delay (DCD):    4.831ns = ( 14.831 - 10.000 ) 
    Source Clock Delay      (SCD):    5.120ns
    Clock Pessimism Removal (CPR):    0.271ns
  Clock Uncertainty:      0.035ns  ((TSJ^2 + TIJ^2)^1/2 + DJ) / 2 + PE
    Total System Jitter     (TSJ):    0.071ns
    Total Input Jitter      (TIJ):    0.000ns
    Discrete Jitter          (DJ):    0.000ns
    Phase Error              (PE):    0.000ns

    Location             Delay type                Incr(ns)  Path(ns)    Netlist Resource(s)
  -------------------------------------------------------------------    -------------------
                         (clock clk rise edge)        0.000     0.000 r  
    N15                                               0.000     0.000 r  clk (IN)
                         net (fo=0)                   0.000     0.000    clk
    N15                  IBUF (Prop_ibuf_I_O)         1.440     1.440 r  clk_IBUF_inst/O
                         net (fo=1, routed)           1.972     3.412    clk_IBUF
    BUFGCTRL_X0Y0        BUFG (Prop_bufg_I_O)         0.096     3.508 r  clk_IBUF_BUFG_inst/O
                         net (fo=90, routed)          1.612     5.120    sw_sync/clk_IBUF_BUFG
    SLICE_X65Y78         FDRE                                         r  sw_sync/data_q_reg[0]/C
  -------------------------------------------------------------------    -------------------
    SLICE_X65Y78         FDRE (Prop_fdre_C_Q)         0.456     5.576 r  sw_sync/data_q_reg[0]/Q
                         net (fo=11, routed)          1.364     6.940    sw_sync/data_q_reg[2]_0[0]
    SLICE_X63Y82         LUT6 (Prop_lut6_I0_O)        0.124     7.064 r  sw_sync/data_q[4]_i_2/O
                         net (fo=4, routed)           0.828     7.892    sw_sync/data_q[4]_i_2_n_0
    SLICE_X63Y83         LUT5 (Prop_lut5_I0_O)        0.152     8.044 r  sw_sync/data_q[6]_i_2/O
                         net (fo=3, routed)           0.448     8.491    sw_sync/data_q[6]_i_2_n_0
    SLICE_X63Y83         LUT5 (Prop_lut5_I0_O)        0.355     8.846 r  sw_sync/data_q[8]_i_2/O
                         net (fo=3, routed)           0.517     9.363    sw_sync/data_q[8]_i_2_n_0
    SLICE_X62Y83         LUT5 (Prop_lut5_I0_O)        0.327     9.690 r  sw_sync/data_q[10]_i_2/O
                         net (fo=3, routed)           0.170     9.860    sw_sync/data_q[10]_i_2_n_0
    SLICE_X62Y83         LUT3 (Prop_lut3_I0_O)        0.124     9.984 r  sw_sync/data_q[9]_i_1/O
                         net (fo=1, routed)           0.000     9.984    reg_unit/D[7]
    SLICE_X62Y83         FDRE                                         r  reg_unit/data_q_reg[9]/D
  -------------------------------------------------------------------    -------------------

                         (clock clk rise edge)       10.000    10.000 r  
    N15                                               0.000    10.000 r  clk (IN)
                         net (fo=0)                   0.000    10.000    clk
    N15                  IBUF (Prop_ibuf_I_O)         1.370    11.370 r  clk_IBUF_inst/O
                         net (fo=1, routed)           1.868    13.238    clk_IBUF
    BUFGCTRL_X0Y0        BUFG (Prop_bufg_I_O)         0.091    13.329 r  clk_IBUF_BUFG_inst/O
                         net (fo=90, routed)          1.502    14.831    reg_unit/clk_IBUF_BUFG
    SLICE_X62Y83         FDRE                                         r  reg_unit/data_q_reg[9]/C
                         clock pessimism              0.271    15.102    
                         clock uncertainty           -0.035    15.066    
    SLICE_X62Y83         FDRE (Setup_fdre_C_D)        0.031    15.097    reg_unit/data_q_reg[9]
  -------------------------------------------------------------------
                         required time                         15.097    
                         arrival time                          -9.984    
  -------------------------------------------------------------------
                         slack                                  5.113    

Slack (MET) :             5.149ns  (required time - arrival time)
  Source:                 sw_sync/data_q_reg[0]/C
                            (rising edge-triggered cell FDRE clocked by clk  {rise@0.000ns fall@5.000ns period=10.000ns})
  Destination:            reg_unit/data_q_reg[16]/D
                            (rising edge-triggered cell FDRE clocked by clk  {rise@0.000ns fall@5.000ns period=10.000ns})
  Path Group:             clk
  Path Type:              Setup (Max at Slow Process Corner)
  Requirement:            10.000ns  (clk rise@10.000ns - clk rise@0.000ns)
  Data Path Delay:        4.902ns  (logic 1.316ns (26.844%)  route 3.586ns (73.156%))
  Logic Levels:           7  (LUT5=4 LUT6=3)
  Clock Path Skew:        -0.031ns (DCD - SCD + CPR)
    Destination Clock Delay (DCD):    4.832ns = ( 14.832 - 10.000 ) 
    Source Clock Delay      (SCD):    5.120ns
    Clock Pessimism Removal (CPR):    0.257ns
  Clock Uncertainty:      0.035ns  ((TSJ^2 + TIJ^2)^1/2 + DJ) / 2 + PE
    Total System Jitter     (TSJ):    0.071ns
    Total Input Jitter      (TIJ):    0.000ns
    Discrete Jitter          (DJ):    0.000ns
    Phase Error              (PE):    0.000ns

    Location             Delay type                Incr(ns)  Path(ns)    Netlist Resource(s)
  -------------------------------------------------------------------    -------------------
                         (clock clk rise edge)        0.000     0.000 r  
    N15                                               0.000     0.000 r  clk (IN)
                         net (fo=0)                   0.000     0.000    clk
    N15                  IBUF (Prop_ibuf_I_O)         1.440     1.440 r  clk_IBUF_inst/O
                         net (fo=1, routed)           1.972     3.412    clk_IBUF
    BUFGCTRL_X0Y0        BUFG (Prop_bufg_I_O)         0.096     3.508 r  clk_IBUF_BUFG_inst/O
                         net (fo=90, routed)          1.612     5.120    sw_sync/clk_IBUF_BUFG
    SLICE_X65Y78         FDRE                                         r  sw_sync/data_q_reg[0]/C
  -------------------------------------------------------------------    -------------------
    SLICE_X65Y78         FDRE (Prop_fdre_C_Q)         0.456     5.576 r  sw_sync/data_q_reg[0]/Q
                         net (fo=11, routed)          1.364     6.940    sw_sync/data_q_reg[2]_0[0]
    SLICE_X63Y82         LUT6 (Prop_lut6_I0_O)        0.124     7.064 r  sw_sync/data_q[4]_i_2/O
                         net (fo=4, routed)           0.366     7.430    sw_sync/data_q[4]_i_2_n_0
    SLICE_X63Y83         LUT6 (Prop_lut6_I5_O)        0.124     7.554 f  sw_sync/data_q[16]_i_7/O
                         net (fo=1, routed)           0.298     7.852    sw_sync/data_q[16]_i_7_n_0
    SLICE_X64Y83         LUT6 (Prop_lut6_I1_O)        0.124     7.976 r  sw_sync/data_q[16]_i_5/O
                         net (fo=1, routed)           0.670     8.647    sw_sync/data_q[16]_i_5_n_0
    SLICE_X64Y83         LUT5 (Prop_lut5_I0_O)        0.124     8.771 r  sw_sync/data_q[16]_i_4/O
                         net (fo=1, routed)           0.162     8.933    sw_sync/data_q[16]_i_4_n_0
    SLICE_X64Y83         LUT5 (Prop_lut5_I0_O)        0.124     9.057 r  sw_sync/data_q[16]_i_3/O
                         net (fo=1, routed)           0.301     9.358    sw_sync/data_q[16]_i_3_n_0
    SLICE_X63Y84         LUT5 (Prop_lut5_I0_O)        0.124     9.482 r  sw_sync/data_q[16]_i_2/O
                         net (fo=2, routed)           0.424     9.906    sw_sync/data_q[16]_i_2_n_0
    SLICE_X60Y85         LUT5 (Prop_lut5_I0_O)        0.116    10.022 r  sw_sync/data_q[16]_i_1/O
                         net (fo=1, routed)           0.000    10.022    reg_unit/D[14]
    SLICE_X60Y85         FDRE                                         r  reg_unit/data_q_reg[16]/D
  -------------------------------------------------------------------    -------------------

                         (clock clk rise edge)       10.000    10.000 r  
    N15                                               0.000    10.000 r  clk (IN)
                         net (fo=0)                   0.000    10.000    clk
    N15                  IBUF (Prop_ibuf_I_O)         1.370    11.370 r  clk_IBUF_inst/O
                         net (fo=1, routed)           1.868    13.238    clk_IBUF
    BUFGCTRL_X0Y0        BUFG (Prop_bufg_I_O)         0.091    13.329 r  clk_IBUF_BUFG_inst/O
                         net (fo=90, routed)          1.503    14.832    reg_unit/clk_IBUF_BUFG
    SLICE_X60Y85         FDRE                                         r  reg_unit/data_q_reg[16]/C
                         clock pessimism              0.257    15.089    
                         clock uncertainty           -0.035    15.053    
    SLICE_X60Y85         FDRE (Setup_fdre_C_D)        0.118    15.171    reg_unit/data_q_reg[16]
  -------------------------------------------------------------------
                         required time                         15.171    
                         arrival time                         -10.022    
  -------------------------------------------------------------------
                         slack                                  5.149    

Slack (MET) :             5.486ns  (required time - arrival time)
  Source:                 sw_sync/data_q_reg[0]/C
                            (rising edge-triggered cell FDRE clocked by clk  {rise@0.000ns fall@5.000ns period=10.000ns})
  Destination:            reg_unit/data_q_reg[7]/D
                            (rising edge-triggered cell FDRE clocked by clk  {rise@0.000ns fall@5.000ns period=10.000ns})
  Path Group:             clk
  Path Type:              Setup (Max at Slow Process Corner)
  Requirement:            10.000ns  (clk rise@10.000ns - clk rise@0.000ns)
  Data Path Delay:        4.488ns  (logic 1.414ns (31.505%)  route 3.074ns (68.495%))
  Logic Levels:           4  (LUT3=1 LUT5=2 LUT6=1)
  Clock Path Skew:        -0.019ns (DCD - SCD + CPR)
    Destination Clock Delay (DCD):    4.830ns = ( 14.830 - 10.000 ) 
    Source Clock Delay      (SCD):    5.120ns
    Clock Pessimism Removal (CPR):    0.271ns
  Clock Uncertainty:      0.035ns  ((TSJ^2 + TIJ^2)^1/2 + DJ) / 2 + PE
    Total System Jitter     (TSJ):    0.071ns
    Total Input Jitter      (TIJ):    0.000ns
    Discrete Jitter          (DJ):    0.000ns
    Phase Error              (PE):    0.000ns

    Location             Delay type                Incr(ns)  Path(ns)    Netlist Resource(s)
  -------------------------------------------------------------------    -------------------
                         (clock clk rise edge)        0.000     0.000 r  
    N15                                               0.000     0.000 r  clk (IN)
                         net (fo=0)                   0.000     0.000    clk
    N15                  IBUF (Prop_ibuf_I_O)         1.440     1.440 r  clk_IBUF_inst/O
                         net (fo=1, routed)           1.972     3.412    clk_IBUF
    BUFGCTRL_X0Y0        BUFG (Prop_bufg_I_O)         0.096     3.508 r  clk_IBUF_BUFG_inst/O
                         net (fo=90, routed)          1.612     5.120    sw_sync/clk_IBUF_BUFG
    SLICE_X65Y78         FDRE                                         r  sw_sync/data_q_reg[0]/C
  -------------------------------------------------------------------    -------------------
    SLICE_X65Y78         FDRE (Prop_fdre_C_Q)         0.456     5.576 r  sw_sync/data_q_reg[0]/Q
                         net (fo=11, routed)          1.364     6.940    sw_sync/data_q_reg[2]_0[0]
    SLICE_X63Y82         LUT6 (Prop_lut6_I0_O)        0.124     7.064 r  sw_sync/data_q[4]_i_2/O
                         net (fo=4, routed)           0.828     7.892    sw_sync/data_q[4]_i_2_n_0
    SLICE_X63Y83         LUT5 (Prop_lut5_I0_O)        0.152     8.044 r  sw_sync/data_q[6]_i_2/O
                         net (fo=3, routed)           0.448     8.491    sw_sync/data_q[6]_i_2_n_0
    SLICE_X63Y83         LUT5 (Prop_lut5_I0_O)        0.355     8.846 r  sw_sync/data_q[8]_i_2/O
                         net (fo=3, routed)           0.435     9.281    sw_sync/data_q[8]_i_2_n_0
    SLICE_X62Y82         LUT3 (Prop_lut3_I0_O)        0.327     9.608 r  sw_sync/data_q[7]_i_1/O
                         net (fo=1, routed)           0.000     9.608    reg_unit/D[5]
    SLICE_X62Y82         FDRE                                         r  reg_unit/data_q_reg[7]/D
  -------------------------------------------------------------------    -------------------

                         (clock clk rise edge)       10.000    10.000 r  
    N15                                               0.000    10.000 r  clk (IN)
                         net (fo=0)                   0.000    10.000    clk
    N15                  IBUF (Prop_ibuf_I_O)         1.370    11.370 r  clk_IBUF_inst/O
                         net (fo=1, routed)           1.868    13.238    clk_IBUF
    BUFGCTRL_X0Y0        BUFG (Prop_bufg_I_O)         0.091    13.329 r  clk_IBUF_BUFG_inst/O
                         net (fo=90, routed)          1.501    14.830    reg_unit/clk_IBUF_BUFG
    SLICE_X62Y82         FDRE                                         r  reg_unit/data_q_reg[7]/C
                         clock pessimism              0.271    15.101    
                         clock uncertainty           -0.035    15.065    
    SLICE_X62Y82         FDRE (Setup_fdre_C_D)        0.029    15.094    reg_unit/data_q_reg[7]
  -------------------------------------------------------------------
                         required time                         15.094    
                         arrival time                          -9.608    
  -------------------------------------------------------------------
                         slack                                  5.486    





Min Delay Paths
--------------------------------------------------------------------------------------
Slack (MET) :             0.205ns  (arrival time - required time)
  Source:                 button_sync[0]/ff2_reg/C
                            (rising edge-triggered cell FDRE clocked by clk  {rise@0.000ns fall@5.000ns period=10.000ns})
  Destination:            button_sync[0]/q_reg/D
                            (rising edge-triggered cell FDRE clocked by clk  {rise@0.000ns fall@5.000ns period=10.000ns})
  Path Group:             clk
  Path Type:              Hold (Min at Fast Process Corner)
  Requirement:            0.000ns  (clk rise@0.000ns - clk rise@0.000ns)
  Data Path Delay:        0.296ns  (logic 0.227ns (76.736%)  route 0.069ns (23.264%))
  Logic Levels:           1  (LUT4=1)
  Clock Path Skew:        0.000ns (DCD - SCD - CPR)
    Destination Clock Delay (DCD):    1.966ns
    Source Clock Delay      (SCD):    1.453ns
    Clock Pessimism Removal (CPR):    0.513ns

    Location             Delay type                Incr(ns)  Path(ns)    Netlist Resource(s)
  -------------------------------------------------------------------    -------------------
                         (clock clk rise edge)        0.000     0.000 r  
    N15                                               0.000     0.000 r  clk (IN)
                         net (fo=0)                   0.000     0.000    clk
    N15                  IBUF (Prop_ibuf_I_O)         0.209     0.209 r  clk_IBUF_inst/O
                         net (fo=1, routed)           0.634     0.843    clk_IBUF
    BUFGCTRL_X0Y0        BUFG (Prop_bufg_I_O)         0.026     0.869 r  clk_IBUF_BUFG_inst/O
                         net (fo=90, routed)          0.585     1.453    button_sync[0]/clk_IBUF_BUFG
    SLICE_X61Y81         FDRE                                         r  button_sync[0]/ff2_reg/C
  -------------------------------------------------------------------    -------------------
    SLICE_X61Y81         FDRE (Prop_fdre_C_Q)         0.128     1.581 r  button_sync[0]/ff2_reg/Q
                         net (fo=2, routed)           0.069     1.650    button_sync[0]/ff2
    SLICE_X61Y81         LUT4 (Prop_lut4_I1_O)        0.099     1.749 r  button_sync[0]/q_i_1/O
                         net (fo=1, routed)           0.000     1.749    button_sync[0]/q_i_1_n_0
    SLICE_X61Y81         FDRE                                         r  button_sync[0]/q_reg/D
  -------------------------------------------------------------------    -------------------

                         (clock clk rise edge)        0.000     0.000 r  
    N15                                               0.000     0.000 r  clk (IN)
                         net (fo=0)                   0.000     0.000    clk
    N15                  IBUF (Prop_ibuf_I_O)         0.396     0.396 r  clk_IBUF_inst/O
                         net (fo=1, routed)           0.689     1.085    clk_IBUF
    BUFGCTRL_X0Y0        BUFG (Prop_bufg_I_O)         0.029     1.114 r  clk_IBUF_BUFG_inst/O
                         net (fo=90, routed)          0.853     1.966    button_sync[0]/clk_IBUF_BUFG
    SLICE_X61Y81         FDRE                                         r  button_sync[0]/q_reg/C
                         clock pessimism             -0.513     1.453    
    SLICE_X61Y81         FDRE (Hold_fdre_C_D)         0.091     1.544    button_sync[0]/q_reg
  -------------------------------------------------------------------
                         required time                         -1.544    
                         arrival time                           1.749    
  -------------------------------------------------------------------
                         slack                                  0.205    

Slack (MET) :             0.219ns  (arrival time - required time)
  Source:                 button_sync[1]/ff1_reg/C
                            (rising edge-triggered cell FDRE clocked by clk  {rise@0.000ns fall@5.000ns period=10.000ns})
  Destination:            button_sync[1]/q_reg/D
                            (rising edge-triggered cell FDRE clocked by clk  {rise@0.000ns fall@5.000ns period=10.000ns})
  Path Group:             clk
  Path Type:              Hold (Min at Fast Process Corner)
  Requirement:            0.000ns  (clk rise@0.000ns - clk rise@0.000ns)
  Data Path Delay:        0.310ns  (logic 0.227ns (73.235%)  route 0.083ns (26.765%))
  Logic Levels:           1  (LUT4=1)
  Clock Path Skew:        0.000ns (DCD - SCD - CPR)
    Destination Clock Delay (DCD):    1.966ns
    Source Clock Delay      (SCD):    1.452ns
    Clock Pessimism Removal (CPR):    0.514ns

    Location             Delay type                Incr(ns)  Path(ns)    Netlist Resource(s)
  -------------------------------------------------------------------    -------------------
                         (clock clk rise edge)        0.000     0.000 r  
    N15                                               0.000     0.000 r  clk (IN)
                         net (fo=0)                   0.000     0.000    clk
    N15                  IBUF (Prop_ibuf_I_O)         0.209     0.209 r  clk_IBUF_inst/O
                         net (fo=1, routed)           0.634     0.843    clk_IBUF
    BUFGCTRL_X0Y0        BUFG (Prop_bufg_I_O)         0.026     0.869 r  clk_IBUF_BUFG_inst/O
                         net (fo=90, routed)          0.584     1.452    button_sync[1]/clk_IBUF_BUFG
    SLICE_X63Y79         FDRE                                         r  button_sync[1]/ff1_reg/C
  -------------------------------------------------------------------    -------------------
    SLICE_X63Y79         FDRE (Prop_fdre_C_Q)         0.128     1.580 r  button_sync[1]/ff1_reg/Q
                         net (fo=3, routed)           0.083     1.663    button_sync[1]/ff1
    SLICE_X63Y79         LUT4 (Prop_lut4_I2_O)        0.099     1.762 r  button_sync[1]/q_i_1__0/O
                         net (fo=1, routed)           0.000     1.762    button_sync[1]/q_i_1__0_n_0
    SLICE_X63Y79         FDRE                                         r  button_sync[1]/q_reg/D
  -------------------------------------------------------------------    -------------------

                         (clock clk rise edge)        0.000     0.000 r  
    N15                                               0.000     0.000 r  clk (IN)
                         net (fo=0)                   0.000     0.000    clk
    N15                  IBUF (Prop_ibuf_I_O)         0.396     0.396 r  clk_IBUF_inst/O
                         net (fo=1, routed)           0.689     1.085    clk_IBUF
    BUFGCTRL_X0Y0        BUFG (Prop_bufg_I_O)         0.029     1.114 r  clk_IBUF_BUFG_inst/O
                         net (fo=90, routed)          0.852     1.966    button_sync[1]/clk_IBUF_BUFG
    SLICE_X63Y79         FDRE                                         r  button_sync[1]/q_reg/C
                         clock pessimism             -0.514     1.452    
    SLICE_X63Y79         FDRE (Hold_fdre_C_D)         0.091     1.543    button_sync[1]/q_reg
  -------------------------------------------------------------------
                         required time                         -1.543    
                         arrival time                           1.762    
  -------------------------------------------------------------------
                         slack                                  0.219    

Slack (MET) :             0.237ns  (arrival time - required time)
  Source:                 sw_sync/data_q_reg[2]/C
                            (rising edge-triggered cell FDRE clocked by clk  {rise@0.000ns fall@5.000ns period=10.000ns})
  Destination:            reg_unit/data_q_reg[2]/D
                            (rising edge-triggered cell FDRE clocked by clk  {rise@0.000ns fall@5.000ns period=10.000ns})
  Path Group:             clk
  Path Type:              Hold (Min at Fast Process Corner)
  Requirement:            0.000ns  (clk rise@0.000ns - clk rise@0.000ns)
  Data Path Delay:        0.344ns  (logic 0.186ns (54.077%)  route 0.158ns (45.923%))
  Logic Levels:           1  (LUT6=1)
  Clock Path Skew:        0.015ns (DCD - SCD - CPR)
    Destination Clock Delay (DCD):    1.969ns
    Source Clock Delay      (SCD):    1.454ns
    Clock Pessimism Removal (CPR):    0.500ns

    Location             Delay type                Incr(ns)  Path(ns)    Netlist Resource(s)
  -------------------------------------------------------------------    -------------------
                         (clock clk rise edge)        0.000     0.000 r  
    N15                                               0.000     0.000 r  clk (IN)
                         net (fo=0)                   0.000     0.000    clk
    N15                  IBUF (Prop_ibuf_I_O)         0.209     0.209 r  clk_IBUF_inst/O
                         net (fo=1, routed)           0.634     0.843    clk_IBUF
    BUFGCTRL_X0Y0        BUFG (Prop_bufg_I_O)         0.026     0.869 r  clk_IBUF_BUFG_inst/O
                         net (fo=90, routed)          0.586     1.454    sw_sync/clk_IBUF_BUFG
    SLICE_X65Y81         FDRE                                         r  sw_sync/data_q_reg[2]/C
  -------------------------------------------------------------------    -------------------
    SLICE_X65Y81         FDRE (Prop_fdre_C_Q)         0.141     1.595 r  sw_sync/data_q_reg[2]/Q
                         net (fo=9, routed)           0.158     1.753    reg_unit/sw_s[2]
    SLICE_X63Y82         LUT6 (Prop_lut6_I5_O)        0.045     1.798 r  reg_unit/data_q[2]_i_1/O
                         net (fo=1, routed)           0.000     1.798    reg_unit/s[2]
    SLICE_X63Y82         FDRE                                         r  reg_unit/data_q_reg[2]/D
  -------------------------------------------------------------------    -------------------

                         (clock clk rise edge)        0.000     0.000 r  
    N15                                               0.000     0.000 r  clk (IN)
                         net (fo=0)                   0.000     0.000    clk
    N15                  IBUF (Prop_ibuf_I_O)         0.396     0.396 r  clk_IBUF_inst/O
                         net (fo=1, routed)           0.689     1.085    clk_IBUF
    BUFGCTRL_X0Y0        BUFG (Prop_bufg_I_O)         0.029     1.114 r  clk_IBUF_BUFG_inst/O
                         net (fo=90, routed)          0.855     1.969    reg_unit/clk_IBUF_BUFG
    SLICE_X63Y82         FDRE                                         r  reg_unit/data_q_reg[2]/C
                         clock pessimism             -0.500     1.469    
    SLICE_X63Y82         FDRE (Hold_fdre_C_D)         0.092     1.561    reg_unit/data_q_reg[2]
  -------------------------------------------------------------------
                         required time                         -1.561    
                         arrival time                           1.798    
  -------------------------------------------------------------------
                         slack                                  0.237    

Slack (MET) :             0.252ns  (arrival time - required time)
  Source:                 button_sync[0]/counter_reg[11]/C
                            (rising edge-triggered cell FDRE clocked by clk  {rise@0.000ns fall@5.000ns period=10.000ns})
  Destination:            button_sync[0]/counter_reg[11]/D
                            (rising edge-triggered cell FDRE clocked by clk  {rise@0.000ns fall@5.000ns period=10.000ns})
  Path Group:             clk
  Path Type:              Hold (Min at Fast Process Corner)
  Requirement:            0.000ns  (clk rise@0.000ns - clk rise@0.000ns)
  Data Path Delay:        0.357ns  (logic 0.249ns (69.714%)  route 0.108ns (30.286%))
  Logic Levels:           1  (CARRY4=1)
  Clock Path Skew:        0.000ns (DCD - SCD - CPR)
    Destination Clock Delay (DCD):    1.970ns
    Source Clock Delay      (SCD):    1.456ns
    Clock Pessimism Removal (CPR):    0.514ns

    Location             Delay type                Incr(ns)  Path(ns)    Netlist Resource(s)
  -------------------------------------------------------------------    -------------------
                         (clock clk rise edge)        0.000     0.000 r  
    N15                                               0.000     0.000 r  clk (IN)
                         net (fo=0)                   0.000     0.000    clk
    N15                  IBUF (Prop_ibuf_I_O)         0.209     0.209 r  clk_IBUF_inst/O
                         net (fo=1, routed)           0.634     0.843    clk_IBUF
    BUFGCTRL_X0Y0        BUFG (Prop_bufg_I_O)         0.026     0.869 r  clk_IBUF_BUFG_inst/O
                         net (fo=90, routed)          0.588     1.456    button_sync[0]/clk_IBUF_BUFG
    SLICE_X61Y86         FDRE                                         r  button_sync[0]/counter_reg[11]/C
  -------------------------------------------------------------------    -------------------
    SLICE_X61Y86         FDRE (Prop_fdre_C_Q)         0.141     1.597 r  button_sync[0]/counter_reg[11]/Q
                         net (fo=1, routed)           0.108     1.706    button_sync[0]/counter_reg_n_0_[11]
    SLICE_X61Y86         CARRY4 (Prop_carry4_S[3]_O[3])
                                                      0.108     1.814 r  button_sync[0]/counter_reg[8]_i_1__1/O[3]
                         net (fo=1, routed)           0.000     1.814    button_sync[0]/counter_reg[8]_i_1__1_n_4
    SLICE_X61Y86         FDRE                                         r  button_sync[0]/counter_reg[11]/D
  -------------------------------------------------------------------    -------------------

                         (clock clk rise edge)        0.000     0.000 r  
    N15                                               0.000     0.000 r  clk (IN)
                         net (fo=0)                   0.000     0.000    clk
    N15                  IBUF (Prop_ibuf_I_O)         0.396     0.396 r  clk_IBUF_inst/O
                         net (fo=1, routed)           0.689     1.085    clk_IBUF
    BUFGCTRL_X0Y0        BUFG (Prop_bufg_I_O)         0.029     1.114 r  clk_IBUF_BUFG_inst/O
                         net (fo=90, routed)          0.856     1.970    button_sync[0]/clk_IBUF_BUFG
    SLICE_X61Y86         FDRE                                         r  button_sync[0]/counter_reg[11]/C
                         clock pessimism             -0.514     1.456    
    SLICE_X61Y86         FDRE (Hold_fdre_C_D)         0.105     1.561    button_sync[0]/counter_reg[11]
  -------------------------------------------------------------------
                         required time                         -1.561    
                         arrival time                           1.814    
  -------------------------------------------------------------------
                         slack                                  0.252    

Slack (MET) :             0.252ns  (arrival time - required time)
  Source:                 button_sync[0]/counter_reg[3]/C
                            (rising edge-triggered cell FDRE clocked by clk  {rise@0.000ns fall@5.000ns period=10.000ns})
  Destination:            button_sync[0]/counter_reg[3]/D
                            (rising edge-triggered cell FDRE clocked by clk  {rise@0.000ns fall@5.000ns period=10.000ns})
  Path Group:             clk
  Path Type:              Hold (Min at Fast Process Corner)
  Requirement:            0.000ns  (clk rise@0.000ns - clk rise@0.000ns)
  Data Path Delay:        0.357ns  (logic 0.249ns (69.714%)  route 0.108ns (30.286%))
  Logic Levels:           1  (CARRY4=1)
  Clock Path Skew:        0.000ns (DCD - SCD - CPR)
    Destination Clock Delay (DCD):    1.969ns
    Source Clock Delay      (SCD):    1.456ns
    Clock Pessimism Removal (CPR):    0.513ns

    Location             Delay type                Incr(ns)  Path(ns)    Netlist Resource(s)
  -------------------------------------------------------------------    -------------------
                         (clock clk rise edge)        0.000     0.000 r  
    N15                                               0.000     0.000 r  clk (IN)
                         net (fo=0)                   0.000     0.000    clk
    N15                  IBUF (Prop_ibuf_I_O)         0.209     0.209 r  clk_IBUF_inst/O
                         net (fo=1, routed)           0.634     0.843    clk_IBUF
    BUFGCTRL_X0Y0        BUFG (Prop_bufg_I_O)         0.026     0.869 r  clk_IBUF_BUFG_inst/O
                         net (fo=90, routed)          0.588     1.456    button_sync[0]/clk_IBUF_BUFG
    SLICE_X61Y84         FDRE                                         r  button_sync[0]/counter_reg[3]/C
  -------------------------------------------------------------------    -------------------
    SLICE_X61Y84         FDRE (Prop_fdre_C_Q)         0.141     1.597 r  button_sync[0]/counter_reg[3]/Q
                         net (fo=1, routed)           0.108     1.706    button_sync[0]/counter_reg_n_0_[3]
    SLICE_X61Y84         CARRY4 (Prop_carry4_S[3]_O[3])
                                                      0.108     1.814 r  button_sync[0]/counter_reg[0]_i_3__0/O[3]
                         net (fo=1, routed)           0.000     1.814    button_sync[0]/counter_reg[0]_i_3__0_n_4
    SLICE_X61Y84         FDRE                                         r  button_sync[0]/counter_reg[3]/D
  -------------------------------------------------------------------    -------------------

                         (clock clk rise edge)        0.000     0.000 r  
    N15                                               0.000     0.000 r  clk (IN)
                         net (fo=0)                   0.000     0.000    clk
    N15                  IBUF (Prop_ibuf_I_O)         0.396     0.396 r  clk_IBUF_inst/O
                         net (fo=1, routed)           0.689     1.085    clk_IBUF
    BUFGCTRL_X0Y0        BUFG (Prop_bufg_I_O)         0.029     1.114 r  clk_IBUF_BUFG_inst/O
                         net (fo=90, routed)          0.855     1.969    button_sync[0]/clk_IBUF_BUFG
    SLICE_X61Y84         FDRE                                         r  button_sync[0]/counter_reg[3]/C
                         clock pessimism             -0.513     1.456    
    SLICE_X61Y84         FDRE (Hold_fdre_C_D)         0.105     1.561    button_sync[0]/counter_reg[3]
  -------------------------------------------------------------------
                         required time                         -1.561    
                         arrival time                           1.814    
  -------------------------------------------------------------------
                         slack                                  0.252    

Slack (MET) :             0.252ns  (arrival time - required time)
  Source:                 button_sync[0]/counter_reg[7]/C
                            (rising edge-triggered cell FDRE clocked by clk  {rise@0.000ns fall@5.000ns period=10.000ns})
  Destination:            button_sync[0]/counter_reg[7]/D
                            (rising edge-triggered cell FDRE clocked by clk  {rise@0.000ns fall@5.000ns period=10.000ns})
  Path Group:             clk
  Path Type:              Hold (Min at Fast Process Corner)
  Requirement:            0.000ns  (clk rise@0.000ns - clk rise@0.000ns)
  Data Path Delay:        0.357ns  (logic 0.249ns (69.714%)  route 0.108ns (30.286%))
  Logic Levels:           1  (CARRY4=1)
  Clock Path Skew:        0.000ns (DCD - SCD - CPR)
    Destination Clock Delay (DCD):    1.970ns
    Source Clock Delay      (SCD):    1.456ns
    Clock Pessimism Removal (CPR):    0.514ns

    Location             Delay type                Incr(ns)  Path(ns)    Netlist Resource(s)
  -------------------------------------------------------------------    -------------------
                         (clock clk rise edge)        0.000     0.000 r  
    N15                                               0.000     0.000 r  clk (IN)
                         net (fo=0)                   0.000     0.000    clk
    N15                  IBUF (Prop_ibuf_I_O)         0.209     0.209 r  clk_IBUF_inst/O
                         net (fo=1, routed)           0.634     0.843    clk_IBUF
    BUFGCTRL_X0Y0        BUFG (Prop_bufg_I_O)         0.026     0.869 r  clk_IBUF_BUFG_inst/O
                         net (fo=90, routed)          0.588     1.456    button_sync[0]/clk_IBUF_BUFG
    SLICE_X61Y85         FDRE                                         r  button_sync[0]/counter_reg[7]/C
  -------------------------------------------------------------------    -------------------
    SLICE_X61Y85         FDRE (Prop_fdre_C_Q)         0.141     1.597 r  button_sync[0]/counter_reg[7]/Q
                         net (fo=1, routed)           0.108     1.706    button_sync[0]/counter_reg_n_0_[7]
    SLICE_X61Y85         CARRY4 (Prop_carry4_S[3]_O[3])
                                                      0.108     1.814 r  button_sync[0]/counter_reg[4]_i_1__1/O[3]
                         net (fo=1, routed)           0.000     1.814    button_sync[0]/counter_reg[4]_i_1__1_n_4
    SLICE_X61Y85         FDRE                                         r  button_sync[0]/counter_reg[7]/D
  -------------------------------------------------------------------    -------------------

                         (clock clk rise edge)        0.000     0.000 r  
    N15                                               0.000     0.000 r  clk (IN)
                         net (fo=0)                   0.000     0.000    clk
    N15                  IBUF (Prop_ibuf_I_O)         0.396     0.396 r  clk_IBUF_inst/O
                         net (fo=1, routed)           0.689     1.085    clk_IBUF
    BUFGCTRL_X0Y0        BUFG (Prop_bufg_I_O)         0.029     1.114 r  clk_IBUF_BUFG_inst/O
                         net (fo=90, routed)          0.856     1.970    button_sync[0]/clk_IBUF_BUFG
    SLICE_X61Y85         FDRE                                         r  button_sync[0]/counter_reg[7]/C
                         clock pessimism             -0.514     1.456    
    SLICE_X61Y85         FDRE (Hold_fdre_C_D)         0.105     1.561    button_sync[0]/counter_reg[7]
  -------------------------------------------------------------------
                         required time                         -1.561    
                         arrival time                           1.814    
  -------------------------------------------------------------------
                         slack                                  0.252    

Slack (MET) :             0.254ns  (arrival time - required time)
  Source:                 button_sync[1]/counter_reg[10]/C
                            (rising edge-triggered cell FDRE clocked by clk  {rise@0.000ns fall@5.000ns period=10.000ns})
  Destination:            button_sync[1]/counter_reg[10]/D
                            (rising edge-triggered cell FDRE clocked by clk  {rise@0.000ns fall@5.000ns period=10.000ns})
  Path Group:             clk
  Path Type:              Hold (Min at Fast Process Corner)
  Requirement:            0.000ns  (clk rise@0.000ns - clk rise@0.000ns)
  Data Path Delay:        0.388ns  (logic 0.274ns (70.550%)  route 0.114ns (29.450%))
  Logic Levels:           1  (CARRY4=1)
  Clock Path Skew:        0.000ns (DCD - SCD - CPR)
    Destination Clock Delay (DCD):    1.968ns
    Source Clock Delay      (SCD):    1.454ns
    Clock Pessimism Removal (CPR):    0.514ns

    Location             Delay type                Incr(ns)  Path(ns)    Netlist Resource(s)
  -------------------------------------------------------------------    -------------------
                         (clock clk rise edge)        0.000     0.000 r  
    N15                                               0.000     0.000 r  clk (IN)
                         net (fo=0)                   0.000     0.000    clk
    N15                  IBUF (Prop_ibuf_I_O)         0.209     0.209 r  clk_IBUF_inst/O
                         net (fo=1, routed)           0.634     0.843    clk_IBUF
    BUFGCTRL_X0Y0        BUFG (Prop_bufg_I_O)         0.026     0.869 r  clk_IBUF_BUFG_inst/O
                         net (fo=90, routed)          0.586     1.454    button_sync[1]/clk_IBUF_BUFG
    SLICE_X64Y81         FDRE                                         r  button_sync[1]/counter_reg[10]/C
  -------------------------------------------------------------------    -------------------
    SLICE_X64Y81         FDRE (Prop_fdre_C_Q)         0.164     1.618 r  button_sync[1]/counter_reg[10]/Q
                         net (fo=1, routed)           0.114     1.733    button_sync[1]/counter_reg_n_0_[10]
    SLICE_X64Y81         CARRY4 (Prop_carry4_S[2]_O[2])
                                                      0.110     1.843 r  button_sync[1]/counter_reg[8]_i_1__0/O[2]
                         net (fo=1, routed)           0.000     1.843    button_sync[1]/counter_reg[8]_i_1__0_n_5
    SLICE_X64Y81         FDRE                                         r  button_sync[1]/counter_reg[10]/D
  -------------------------------------------------------------------    -------------------

                         (clock clk rise edge)        0.000     0.000 r  
    N15                                               0.000     0.000 r  clk (IN)
                         net (fo=0)                   0.000     0.000    clk
    N15                  IBUF (Prop_ibuf_I_O)         0.396     0.396 r  clk_IBUF_inst/O
                         net (fo=1, routed)           0.689     1.085    clk_IBUF
    BUFGCTRL_X0Y0        BUFG (Prop_bufg_I_O)         0.029     1.114 r  clk_IBUF_BUFG_inst/O
                         net (fo=90, routed)          0.854     1.968    button_sync[1]/clk_IBUF_BUFG
    SLICE_X64Y81         FDRE                                         r  button_sync[1]/counter_reg[10]/C
                         clock pessimism             -0.514     1.454    
    SLICE_X64Y81         FDRE (Hold_fdre_C_D)         0.134     1.588    button_sync[1]/counter_reg[10]
  -------------------------------------------------------------------
                         required time                         -1.588    
                         arrival time                           1.843    
  -------------------------------------------------------------------
                         slack                                  0.254    

Slack (MET) :             0.254ns  (arrival time - required time)
  Source:                 button_sync[1]/counter_reg[2]/C
                            (rising edge-triggered cell FDRE clocked by clk  {rise@0.000ns fall@5.000ns period=10.000ns})
  Destination:            button_sync[1]/counter_reg[2]/D
                            (rising edge-triggered cell FDRE clocked by clk  {rise@0.000ns fall@5.000ns period=10.000ns})
  Path Group:             clk
  Path Type:              Hold (Min at Fast Process Corner)
  Requirement:            0.000ns  (clk rise@0.000ns - clk rise@0.000ns)
  Data Path Delay:        0.388ns  (logic 0.274ns (70.550%)  route 0.114ns (29.450%))
  Logic Levels:           1  (CARRY4=1)
  Clock Path Skew:        0.000ns (DCD - SCD - CPR)
    Destination Clock Delay (DCD):    1.966ns
    Source Clock Delay      (SCD):    1.452ns
    Clock Pessimism Removal (CPR):    0.514ns

    Location             Delay type                Incr(ns)  Path(ns)    Netlist Resource(s)
  -------------------------------------------------------------------    -------------------
                         (clock clk rise edge)        0.000     0.000 r  
    N15                                               0.000     0.000 r  clk (IN)
                         net (fo=0)                   0.000     0.000    clk
    N15                  IBUF (Prop_ibuf_I_O)         0.209     0.209 r  clk_IBUF_inst/O
                         net (fo=1, routed)           0.634     0.843    clk_IBUF
    BUFGCTRL_X0Y0        BUFG (Prop_bufg_I_O)         0.026     0.869 r  clk_IBUF_BUFG_inst/O
                         net (fo=90, routed)          0.584     1.452    button_sync[1]/clk_IBUF_BUFG
    SLICE_X64Y79         FDRE                                         r  button_sync[1]/counter_reg[2]/C
  -------------------------------------------------------------------    -------------------
    SLICE_X64Y79         FDRE (Prop_fdre_C_Q)         0.164     1.616 r  button_sync[1]/counter_reg[2]/Q
                         net (fo=1, routed)           0.114     1.731    button_sync[1]/counter_reg_n_0_[2]
    SLICE_X64Y79         CARRY4 (Prop_carry4_S[2]_O[2])
                                                      0.110     1.841 r  button_sync[1]/counter_reg[0]_i_3/O[2]
                         net (fo=1, routed)           0.000     1.841    button_sync[1]/counter_reg[0]_i_3_n_5
    SLICE_X64Y79         FDRE                                         r  button_sync[1]/counter_reg[2]/D
  -------------------------------------------------------------------    -------------------

                         (clock clk rise edge)        0.000     0.000 r  
    N15                                               0.000     0.000 r  clk (IN)
                         net (fo=0)                   0.000     0.000    clk
    N15                  IBUF (Prop_ibuf_I_O)         0.396     0.396 r  clk_IBUF_inst/O
                         net (fo=1, routed)           0.689     1.085    clk_IBUF
    BUFGCTRL_X0Y0        BUFG (Prop_bufg_I_O)         0.029     1.114 r  clk_IBUF_BUFG_inst/O
                         net (fo=90, routed)          0.852     1.966    button_sync[1]/clk_IBUF_BUFG
    SLICE_X64Y79         FDRE                                         r  button_sync[1]/counter_reg[2]/C
                         clock pessimism             -0.514     1.452    
    SLICE_X64Y79         FDRE (Hold_fdre_C_D)         0.134     1.586    button_sync[1]/counter_reg[2]
  -------------------------------------------------------------------
                         required time                         -1.586    
                         arrival time                           1.841    
  -------------------------------------------------------------------
                         slack                                  0.254    

Slack (MET) :             0.254ns  (arrival time - required time)
  Source:                 button_sync[1]/counter_reg[6]/C
                            (rising edge-triggered cell FDRE clocked by clk  {rise@0.000ns fall@5.000ns period=10.000ns})
  Destination:            button_sync[1]/counter_reg[6]/D
                            (rising edge-triggered cell FDRE clocked by clk  {rise@0.000ns fall@5.000ns period=10.000ns})
  Path Group:             clk
  Path Type:              Hold (Min at Fast Process Corner)
  Requirement:            0.000ns  (clk rise@0.000ns - clk rise@0.000ns)
  Data Path Delay:        0.388ns  (logic 0.274ns (70.550%)  route 0.114ns (29.450%))
  Logic Levels:           1  (CARRY4=1)
  Clock Path Skew:        0.000ns (DCD - SCD - CPR)
    Destination Clock Delay (DCD):    1.967ns
    Source Clock Delay      (SCD):    1.453ns
    Clock Pessimism Removal (CPR):    0.514ns

    Location             Delay type                Incr(ns)  Path(ns)    Netlist Resource(s)
  -------------------------------------------------------------------    -------------------
                         (clock clk rise edge)        0.000     0.000 r  
    N15                                               0.000     0.000 r  clk (IN)
                         net (fo=0)                   0.000     0.000    clk
    N15                  IBUF (Prop_ibuf_I_O)         0.209     0.209 r  clk_IBUF_inst/O
                         net (fo=1, routed)           0.634     0.843    clk_IBUF
    BUFGCTRL_X0Y0        BUFG (Prop_bufg_I_O)         0.026     0.869 r  clk_IBUF_BUFG_inst/O
                         net (fo=90, routed)          0.585     1.453    button_sync[1]/clk_IBUF_BUFG
    SLICE_X64Y80         FDRE                                         r  button_sync[1]/counter_reg[6]/C
  -------------------------------------------------------------------    -------------------
    SLICE_X64Y80         FDRE (Prop_fdre_C_Q)         0.164     1.617 r  button_sync[1]/counter_reg[6]/Q
                         net (fo=1, routed)           0.114     1.732    button_sync[1]/counter_reg_n_0_[6]
    SLICE_X64Y80         CARRY4 (Prop_carry4_S[2]_O[2])
                                                      0.110     1.842 r  button_sync[1]/counter_reg[4]_i_1__0/O[2]
                         net (fo=1, routed)           0.000     1.842    button_sync[1]/counter_reg[4]_i_1__0_n_5
    SLICE_X64Y80         FDRE                                         r  button_sync[1]/counter_reg[6]/D
  -------------------------------------------------------------------    -------------------

                         (clock clk rise edge)        0.000     0.000 r  
    N15                                               0.000     0.000 r  clk (IN)
                         net (fo=0)                   0.000     0.000    clk
    N15                  IBUF (Prop_ibuf_I_O)         0.396     0.396 r  clk_IBUF_inst/O
                         net (fo=1, routed)           0.689     1.085    clk_IBUF
    BUFGCTRL_X0Y0        BUFG (Prop_bufg_I_O)         0.029     1.114 r  clk_IBUF_BUFG_inst/O
                         net (fo=90, routed)          0.853     1.967    button_sync[1]/clk_IBUF_BUFG
    SLICE_X64Y80         FDRE                                         r  button_sync[1]/counter_reg[6]/C
                         clock pessimism             -0.514     1.453    
    SLICE_X64Y80         FDRE (Hold_fdre_C_D)         0.134     1.587    button_sync[1]/counter_reg[6]
  -------------------------------------------------------------------
                         required time                         -1.587    
                         arrival time                           1.842    
  -------------------------------------------------------------------
                         slack                                  0.254    

Slack (MET) :             0.254ns  (arrival time - required time)
  Source:                 button_sync[1]/counter_reg[14]/C
                            (rising edge-triggered cell FDRE clocked by clk  {rise@0.000ns fall@5.000ns period=10.000ns})
  Destination:            button_sync[1]/counter_reg[14]/D
                            (rising edge-triggered cell FDRE clocked by clk  {rise@0.000ns fall@5.000ns period=10.000ns})
  Path Group:             clk
  Path Type:              Hold (Min at Fast Process Corner)
  Requirement:            0.000ns  (clk rise@0.000ns - clk rise@0.000ns)
  Data Path Delay:        0.388ns  (logic 0.274ns (70.550%)  route 0.114ns (29.450%))
  Logic Levels:           1  (CARRY4=1)
  Clock Path Skew:        0.000ns (DCD - SCD - CPR)
    Destination Clock Delay (DCD):    1.969ns
    Source Clock Delay      (SCD):    1.455ns
    Clock Pessimism Removal (CPR):    0.514ns

    Location             Delay type                Incr(ns)  Path(ns)    Netlist Resource(s)
  -------------------------------------------------------------------    -------------------
                         (clock clk rise edge)        0.000     0.000 r  
    N15                                               0.000     0.000 r  clk (IN)
                         net (fo=0)                   0.000     0.000    clk
    N15                  IBUF (Prop_ibuf_I_O)         0.209     0.209 r  clk_IBUF_inst/O
                         net (fo=1, routed)           0.634     0.843    clk_IBUF
    BUFGCTRL_X0Y0        BUFG (Prop_bufg_I_O)         0.026     0.869 r  clk_IBUF_BUFG_inst/O
                         net (fo=90, routed)          0.587     1.455    button_sync[1]/clk_IBUF_BUFG
    SLICE_X64Y82         FDRE                                         r  button_sync[1]/counter_reg[14]/C
  -------------------------------------------------------------------    -------------------
    SLICE_X64Y82         FDRE (Prop_fdre_C_Q)         0.164     1.619 r  button_sync[1]/counter_reg[14]/Q
                         net (fo=1, routed)           0.114     1.734    button_sync[1]/counter_reg_n_0_[14]
    SLICE_X64Y82         CARRY4 (Prop_carry4_S[2]_O[2])
                                                      0.110     1.844 r  button_sync[1]/counter_reg[12]_i_1__0/O[2]
                         net (fo=1, routed)           0.000     1.844    button_sync[1]/counter_reg[12]_i_1__0_n_5
    SLICE_X64Y82         FDRE                                         r  button_sync[1]/counter_reg[14]/D
  -------------------------------------------------------------------    -------------------

                         (clock clk rise edge)        0.000     0.000 r  
    N15                                               0.000     0.000 r  clk (IN)
                         net (fo=0)                   0.000     0.000    clk
    N15                  IBUF (Prop_ibuf_I_O)         0.396     0.396 r  clk_IBUF_inst/O
                         net (fo=1, routed)           0.689     1.085    clk_IBUF
    BUFGCTRL_X0Y0        BUFG (Prop_bufg_I_O)         0.029     1.114 r  clk_IBUF_BUFG_inst/O
                         net (fo=90, routed)          0.855     1.969    button_sync[1]/clk_IBUF_BUFG
    SLICE_X64Y82         FDRE                                         r  button_sync[1]/counter_reg[14]/C
                         clock pessimism             -0.514     1.455    
    SLICE_X64Y82         FDRE (Hold_fdre_C_D)         0.134     1.589    button_sync[1]/counter_reg[14]
  -------------------------------------------------------------------
                         required time                         -1.589    
                         arrival time                           1.844    
  -------------------------------------------------------------------
                         slack                                  0.254    





Pulse Width Checks
--------------------------------------------------------------------------------------
Clock Name:         clk
Waveform(ns):       { 0.000 5.000 }
Period(ns):         10.000
Sources:            { clk }

Check Type        Corner  Lib Pin  Reference Pin  Required(ns)  Actual(ns)  Slack(ns)  Location       Pin
Min Period        n/a     BUFG/I   n/a            2.155         10.000      7.845      BUFGCTRL_X0Y0  clk_IBUF_BUFG_inst/I
Min Period        n/a     FDRE/C   n/a            1.000         10.000      9.000      SLICE_X61Y84   button_sync[0]/counter_reg[0]/C
Min Period        n/a     FDRE/C   n/a            1.000         10.000      9.000      SLICE_X61Y86   button_sync[0]/counter_reg[10]/C
Min Period        n/a     FDRE/C   n/a            1.000         10.000      9.000      SLICE_X61Y86   button_sync[0]/counter_reg[11]/C
Min Period        n/a     FDRE/C   n/a            1.000         10.000      9.000      SLICE_X61Y87   button_sync[0]/counter_reg[12]/C
Min Period        n/a     FDRE/C   n/a            1.000         10.000      9.000      SLICE_X61Y87   button_sync[0]/counter_reg[13]/C
Min Period        n/a     FDRE/C   n/a            1.000         10.000      9.000      SLICE_X61Y87   button_sync[0]/counter_reg[14]/C
Min Period        n/a     FDRE/C   n/a            1.000         10.000      9.000      SLICE_X61Y87   button_sync[0]/counter_reg[15]/C
Min Period        n/a     FDRE/C   n/a            1.000         10.000      9.000      SLICE_X61Y84   button_sync[0]/counter_reg[1]/C
Min Period        n/a     FDRE/C   n/a            1.000         10.000      9.000      SLICE_X61Y84   button_sync[0]/counter_reg[2]/C
Low Pulse Width   Slow    FDRE/C   n/a            0.500         5.000       4.500      SLICE_X61Y84   button_sync[0]/counter_reg[0]/C
Low Pulse Width   Fast    FDRE/C   n/a            0.500         5.000       4.500      SLICE_X61Y84   button_sync[0]/counter_reg[0]/C
Low Pulse Width   Slow    FDRE/C   n/a            0.500         5.000       4.500      SLICE_X61Y86   button_sync[0]/counter_reg[10]/C
Low Pulse Width   Fast    FDRE/C   n/a            0.500         5.000       4.500      SLICE_X61Y86   button_sync[0]/counter_reg[10]/C
Low Pulse Width   Slow    FDRE/C   n/a            0.500         5.000       4.500      SLICE_X61Y86   button_sync[0]/counter_reg[11]/C
Low Pulse Width   Fast    FDRE/C   n/a            0.500         5.000       4.500      SLICE_X61Y86   button_sync[0]/counter_reg[11]/C
Low Pulse Width   Slow    FDRE/C   n/a            0.500         5.000       4.500      SLICE_X61Y87   button_sync[0]/counter_reg[12]/C
Low Pulse Width   Fast    FDRE/C   n/a            0.500         5.000       4.500      SLICE_X61Y87   button_sync[0]/counter_reg[12]/C
Low Pulse Width   Slow    FDRE/C   n/a            0.500         5.000       4.500      SLICE_X61Y87   button_sync[0]/counter_reg[13]/C
Low Pulse Width   Fast    FDRE/C   n/a            0.500         5.000       4.500      SLICE_X61Y87   button_sync[0]/counter_reg[13]/C
High Pulse Width  Slow    FDRE/C   n/a            0.500         5.000       4.500      SLICE_X61Y84   button_sync[0]/counter_reg[0]/C
High Pulse Width  Fast    FDRE/C   n/a            0.500         5.000       4.500      SLICE_X61Y84   button_sync[0]/counter_reg[0]/C
High Pulse Width  Slow    FDRE/C   n/a            0.500         5.000       4.500      SLICE_X61Y86   button_sync[0]/counter_reg[10]/C
High Pulse Width  Fast    FDRE/C   n/a            0.500         5.000       4.500      SLICE_X61Y86   button_sync[0]/counter_reg[10]/C
High Pulse Width  Slow    FDRE/C   n/a            0.500         5.000       4.500      SLICE_X61Y86   button_sync[0]/counter_reg[11]/C
High Pulse Width  Fast    FDRE/C   n/a            0.500         5.000       4.500      SLICE_X61Y86   button_sync[0]/counter_reg[11]/C
High Pulse Width  Slow    FDRE/C   n/a            0.500         5.000       4.500      SLICE_X61Y87   button_sync[0]/counter_reg[12]/C
High Pulse Width  Fast    FDRE/C   n/a            0.500         5.000       4.500      SLICE_X61Y87   button_sync[0]/counter_reg[12]/C
High Pulse Width  Slow    FDRE/C   n/a            0.500         5.000       4.500      SLICE_X61Y87   button_sync[0]/counter_reg[13]/C
High Pulse Width  Fast    FDRE/C   n/a            0.500         5.000       4.500      SLICE_X61Y87   button_sync[0]/counter_reg[13]/C



--------------------------------------------------------------------------------------
Path Group:  (none)
From Clock:  clk
  To Clock:  

Max Delay            23 Endpoints
Min Delay            23 Endpoints
--------------------------------------------------------------------------------------


Max Delay Paths
--------------------------------------------------------------------------------------
Slack:                    inf
  Source:                 button_sync[1]/q_reg/C
                            (rising edge-triggered cell FDRE clocked by clk  {rise@0.000ns fall@5.000ns period=10.000ns})
  Destination:            hex_seg_b[1]
                            (output port)
  Path Group:             (none)
  Path Type:              Max at Slow Process Corner
  Data Path Delay:        10.568ns  (logic 4.278ns (40.477%)  route 6.290ns (59.523%))
  Logic Levels:           5  (LUT3=1 LUT5=1 LUT6=2 OBUF=1)
  Clock Uncertainty:      0.025ns  ((TSJ^2 + TIJ^2)^1/2 + DJ) / 2 + PE
    Total System Jitter     (TSJ):    0.050ns
    Total Input Jitter      (TIJ):    0.000ns
    Discrete Jitter          (DJ):    0.000ns
    Phase Error              (PE):    0.000ns

    Location             Delay type                Incr(ns)  Path(ns)    Netlist Resource(s)
  -------------------------------------------------------------------    -------------------
                         (clock clk rise edge)        0.000     0.000 r  
    N15                                               0.000     0.000 r  clk (IN)
                         net (fo=0)                   0.000     0.000    clk
    N15                  IBUF (Prop_ibuf_I_O)         1.440     1.440 r  clk_IBUF_inst/O
                         net (fo=1, routed)           1.972     3.412    clk_IBUF
    BUFGCTRL_X0Y0        BUFG (Prop_bufg_I_O)         0.096     3.508 r  clk_IBUF_BUFG_inst/O
                         net (fo=90, routed)          1.613     5.121    button_sync[1]/clk_IBUF_BUFG
    SLICE_X63Y79         FDRE                                         r  button_sync[1]/q_reg/C
  -------------------------------------------------------------------    -------------------
    SLICE_X63Y79         FDRE (Prop_fdre_C_Q)         0.456     5.577 r  button_sync[1]/q_reg/Q
                         net (fo=55, routed)          1.536     7.113    hex_a/reset_s
    SLICE_X63Y86         LUT3 (Prop_lut3_I1_O)        0.118     7.231 r  hex_a/hex_grid_a_OBUF[0]_inst_i_1/O
                         net (fo=10, routed)          1.060     8.292    reg_unit/hex_grid_b_OBUF[0]
    SLICE_X60Y84         LUT5 (Prop_lut5_I0_O)        0.352     8.644 f  reg_unit/hex_seg_b_OBUF[1]_inst_i_5/O
                         net (fo=1, routed)           0.650     9.294    reg_unit/hex_seg_b_OBUF[1]_inst_i_5_n_0
    SLICE_X63Y84         LUT6 (Prop_lut6_I5_O)        0.328     9.622 r  reg_unit/hex_seg_b_OBUF[1]_inst_i_2/O
                         net (fo=1, routed)           0.593    10.215    reg_unit/hex_seg_b_OBUF[1]_inst_i_2_n_0
    SLICE_X61Y83         LUT6 (Prop_lut6_I0_O)        0.124    10.339 r  reg_unit/hex_seg_b_OBUF[1]_inst_i_1/O
                         net (fo=1, routed)           2.450    12.789    hex_seg_b_OBUF[1]
    G5                   OBUF (Prop_obuf_I_O)         2.900    15.689 r  hex_seg_b_OBUF[1]_inst/O
                         net (fo=0)                   0.000    15.689    hex_seg_b[1]
    G5                                                                r  hex_seg_b[1] (OUT)
  -------------------------------------------------------------------    -------------------

Slack:                    inf
  Source:                 button_sync[1]/q_reg/C
                            (rising edge-triggered cell FDRE clocked by clk  {rise@0.000ns fall@5.000ns period=10.000ns})
  Destination:            hex_seg_b[2]
                            (output port)
  Path Group:             (none)
  Path Type:              Max at Slow Process Corner
  Data Path Delay:        10.109ns  (logic 4.026ns (39.832%)  route 6.082ns (60.168%))
  Logic Levels:           5  (LUT3=1 LUT5=1 LUT6=2 OBUF=1)
  Clock Uncertainty:      0.025ns  ((TSJ^2 + TIJ^2)^1/2 + DJ) / 2 + PE
    Total System Jitter     (TSJ):    0.050ns
    Total Input Jitter      (TIJ):    0.000ns
    Discrete Jitter          (DJ):    0.000ns
    Phase Error              (PE):    0.000ns

    Location             Delay type                Incr(ns)  Path(ns)    Netlist Resource(s)
  -------------------------------------------------------------------    -------------------
                         (clock clk rise edge)        0.000     0.000 r  
    N15                                               0.000     0.000 r  clk (IN)
                         net (fo=0)                   0.000     0.000    clk
    N15                  IBUF (Prop_ibuf_I_O)         1.440     1.440 r  clk_IBUF_inst/O
                         net (fo=1, routed)           1.972     3.412    clk_IBUF
    BUFGCTRL_X0Y0        BUFG (Prop_bufg_I_O)         0.096     3.508 r  clk_IBUF_BUFG_inst/O
                         net (fo=90, routed)          1.613     5.121    button_sync[1]/clk_IBUF_BUFG
    SLICE_X63Y79         FDRE                                         r  button_sync[1]/q_reg/C
  -------------------------------------------------------------------    -------------------
    SLICE_X63Y79         FDRE (Prop_fdre_C_Q)         0.456     5.577 r  button_sync[1]/q_reg/Q
                         net (fo=55, routed)          1.536     7.113    hex_a/reset_s
    SLICE_X63Y86         LUT3 (Prop_lut3_I1_O)        0.118     7.231 r  hex_a/hex_grid_a_OBUF[0]_inst_i_1/O
                         net (fo=10, routed)          1.060     8.292    reg_unit/hex_grid_b_OBUF[0]
    SLICE_X60Y84         LUT5 (Prop_lut5_I0_O)        0.326     8.618 f  reg_unit/hex_seg_b_OBUF[2]_inst_i_5/O
                         net (fo=1, routed)           0.608     9.226    reg_unit/hex_seg_b_OBUF[2]_inst_i_5_n_0
    SLICE_X60Y83         LUT6 (Prop_lut6_I5_O)        0.124     9.350 f  reg_unit/hex_seg_b_OBUF[2]_inst_i_4/O
                         net (fo=1, routed)           0.378     9.729    reg_unit/hex_seg_b_OBUF[2]_inst_i_4_n_0
    SLICE_X60Y83         LUT6 (Prop_lut6_I5_O)        0.124     9.853 r  reg_unit/hex_seg_b_OBUF[2]_inst_i_1/O
                         net (fo=1, routed)           2.498    12.351    hex_seg_b_OBUF[2]
    J3                   OBUF (Prop_obuf_I_O)         2.878    15.229 r  hex_seg_b_OBUF[2]_inst/O
                         net (fo=0)                   0.000    15.229    hex_seg_b[2]
    J3                                                                r  hex_seg_b[2] (OUT)
  -------------------------------------------------------------------    -------------------

Slack:                    inf
  Source:                 button_sync[1]/q_reg/C
                            (rising edge-triggered cell FDRE clocked by clk  {rise@0.000ns fall@5.000ns period=10.000ns})
  Destination:            hex_seg_a[6]
                            (output port)
  Path Group:             (none)
  Path Type:              Max at Slow Process Corner
  Data Path Delay:        10.043ns  (logic 4.092ns (40.747%)  route 5.951ns (59.253%))
  Logic Levels:           5  (LUT3=1 LUT5=1 LUT6=2 OBUF=1)
  Clock Uncertainty:      0.025ns  ((TSJ^2 + TIJ^2)^1/2 + DJ) / 2 + PE
    Total System Jitter     (TSJ):    0.050ns
    Total Input Jitter      (TIJ):    0.000ns
    Discrete Jitter          (DJ):    0.000ns
    Phase Error              (PE):    0.000ns

    Location             Delay type                Incr(ns)  Path(ns)    Netlist Resource(s)
  -------------------------------------------------------------------    -------------------
                         (clock clk rise edge)        0.000     0.000 r  
    N15                                               0.000     0.000 r  clk (IN)
                         net (fo=0)                   0.000     0.000    clk
    N15                  IBUF (Prop_ibuf_I_O)         1.440     1.440 r  clk_IBUF_inst/O
                         net (fo=1, routed)           1.972     3.412    clk_IBUF
    BUFGCTRL_X0Y0        BUFG (Prop_bufg_I_O)         0.096     3.508 r  clk_IBUF_BUFG_inst/O
                         net (fo=90, routed)          1.613     5.121    button_sync[1]/clk_IBUF_BUFG
    SLICE_X63Y79         FDRE                                         r  button_sync[1]/q_reg/C
  -------------------------------------------------------------------    -------------------
    SLICE_X63Y79         FDRE (Prop_fdre_C_Q)         0.456     5.577 r  button_sync[1]/q_reg/Q
                         net (fo=55, routed)          1.536     7.113    hex_a/reset_s
    SLICE_X63Y86         LUT3 (Prop_lut3_I2_O)        0.124     7.237 f  hex_a/hex_seg_a_OBUF[2]_inst_i_5/O
                         net (fo=6, routed)           1.096     8.334    sw_sync/hex_seg_a_OBUF[6]_inst_i_2_0
    SLICE_X64Y87         LUT5 (Prop_lut5_I0_O)        0.146     8.480 f  sw_sync/hex_seg_a_OBUF[6]_inst_i_5/O
                         net (fo=1, routed)           0.814     9.293    sw_sync/hex_seg_a_OBUF[6]_inst_i_5_n_0
    SLICE_X64Y86         LUT6 (Prop_lut6_I5_O)        0.328     9.621 r  sw_sync/hex_seg_a_OBUF[6]_inst_i_2/O
                         net (fo=1, routed)           0.844    10.466    sw_sync/hex_seg_a_OBUF[6]_inst_i_2_n_0
    SLICE_X64Y86         LUT6 (Prop_lut6_I0_O)        0.124    10.590 r  sw_sync/hex_seg_a_OBUF[6]_inst_i_1/O
                         net (fo=1, routed)           1.660    12.250    hex_seg_a_OBUF[6]
    C4                   OBUF (Prop_obuf_I_O)         2.914    15.164 r  hex_seg_a_OBUF[6]_inst/O
                         net (fo=0)                   0.000    15.164    hex_seg_a[6]
    C4                                                                r  hex_seg_a[6] (OUT)
  -------------------------------------------------------------------    -------------------

Slack:                    inf
  Source:                 button_sync[1]/q_reg/C
                            (rising edge-triggered cell FDRE clocked by clk  {rise@0.000ns fall@5.000ns period=10.000ns})
  Destination:            hex_seg_b[6]
                            (output port)
  Path Group:             (none)
  Path Type:              Max at Slow Process Corner
  Data Path Delay:        9.872ns  (logic 4.110ns (41.630%)  route 5.762ns (58.370%))
  Logic Levels:           5  (LUT3=1 LUT5=1 LUT6=2 OBUF=1)
  Clock Uncertainty:      0.025ns  ((TSJ^2 + TIJ^2)^1/2 + DJ) / 2 + PE
    Total System Jitter     (TSJ):    0.050ns
    Total Input Jitter      (TIJ):    0.000ns
    Discrete Jitter          (DJ):    0.000ns
    Phase Error              (PE):    0.000ns

    Location             Delay type                Incr(ns)  Path(ns)    Netlist Resource(s)
  -------------------------------------------------------------------    -------------------
                         (clock clk rise edge)        0.000     0.000 r  
    N15                                               0.000     0.000 r  clk (IN)
                         net (fo=0)                   0.000     0.000    clk
    N15                  IBUF (Prop_ibuf_I_O)         1.440     1.440 r  clk_IBUF_inst/O
                         net (fo=1, routed)           1.972     3.412    clk_IBUF
    BUFGCTRL_X0Y0        BUFG (Prop_bufg_I_O)         0.096     3.508 r  clk_IBUF_BUFG_inst/O
                         net (fo=90, routed)          1.613     5.121    button_sync[1]/clk_IBUF_BUFG
    SLICE_X63Y79         FDRE                                         r  button_sync[1]/q_reg/C
  -------------------------------------------------------------------    -------------------
    SLICE_X63Y79         FDRE (Prop_fdre_C_Q)         0.456     5.577 r  button_sync[1]/q_reg/Q
                         net (fo=55, routed)          1.536     7.113    hex_a/reset_s
    SLICE_X63Y86         LUT3 (Prop_lut3_I2_O)        0.124     7.237 f  hex_a/hex_seg_a_OBUF[2]_inst_i_5/O
                         net (fo=6, routed)           0.984     8.221    reg_unit/hex_seg_b_OBUF[6]_inst_i_2_0
    SLICE_X60Y83         LUT5 (Prop_lut5_I0_O)        0.152     8.373 f  reg_unit/hex_seg_b_OBUF[6]_inst_i_5/O
                         net (fo=1, routed)           0.671     9.044    reg_unit/hex_seg_b_OBUF[6]_inst_i_5_n_0
    SLICE_X60Y84         LUT6 (Prop_lut6_I5_O)        0.348     9.392 r  reg_unit/hex_seg_b_OBUF[6]_inst_i_2/O
                         net (fo=1, routed)           0.670    10.063    reg_unit/hex_seg_b_OBUF[6]_inst_i_2_n_0
    SLICE_X64Y84         LUT6 (Prop_lut6_I0_O)        0.124    10.187 r  reg_unit/hex_seg_b_OBUF[6]_inst_i_1/O
                         net (fo=1, routed)           1.900    12.087    hex_seg_b_OBUF[6]
    E5                   OBUF (Prop_obuf_I_O)         2.906    14.992 r  hex_seg_b_OBUF[6]_inst/O
                         net (fo=0)                   0.000    14.992    hex_seg_b[6]
    E5                                                                r  hex_seg_b[6] (OUT)
  -------------------------------------------------------------------    -------------------

Slack:                    inf
  Source:                 button_sync[1]/q_reg/C
                            (rising edge-triggered cell FDRE clocked by clk  {rise@0.000ns fall@5.000ns period=10.000ns})
  Destination:            hex_seg_a[4]
                            (output port)
  Path Group:             (none)
  Path Type:              Max at Slow Process Corner
  Data Path Delay:        9.753ns  (logic 3.868ns (39.654%)  route 5.886ns (60.346%))
  Logic Levels:           5  (LUT3=1 LUT5=1 LUT6=2 OBUF=1)
  Clock Uncertainty:      0.025ns  ((TSJ^2 + TIJ^2)^1/2 + DJ) / 2 + PE
    Total System Jitter     (TSJ):    0.050ns
    Total Input Jitter      (TIJ):    0.000ns
    Discrete Jitter          (DJ):    0.000ns
    Phase Error              (PE):    0.000ns

    Location             Delay type                Incr(ns)  Path(ns)    Netlist Resource(s)
  -------------------------------------------------------------------    -------------------
                         (clock clk rise edge)        0.000     0.000 r  
    N15                                               0.000     0.000 r  clk (IN)
                         net (fo=0)                   0.000     0.000    clk
    N15                  IBUF (Prop_ibuf_I_O)         1.440     1.440 r  clk_IBUF_inst/O
                         net (fo=1, routed)           1.972     3.412    clk_IBUF
    BUFGCTRL_X0Y0        BUFG (Prop_bufg_I_O)         0.096     3.508 r  clk_IBUF_BUFG_inst/O
                         net (fo=90, routed)          1.613     5.121    button_sync[1]/clk_IBUF_BUFG
    SLICE_X63Y79         FDRE                                         r  button_sync[1]/q_reg/C
  -------------------------------------------------------------------    -------------------
    SLICE_X63Y79         FDRE (Prop_fdre_C_Q)         0.456     5.577 r  button_sync[1]/q_reg/Q
                         net (fo=55, routed)          1.536     7.113    hex_a/reset_s
    SLICE_X63Y86         LUT3 (Prop_lut3_I2_O)        0.124     7.237 f  hex_a/hex_seg_a_OBUF[2]_inst_i_5/O
                         net (fo=6, routed)           1.096     8.334    sw_sync/hex_seg_a_OBUF[6]_inst_i_2_0
    SLICE_X64Y87         LUT5 (Prop_lut5_I0_O)        0.124     8.458 f  sw_sync/hex_seg_a_OBUF[4]_inst_i_5/O
                         net (fo=1, routed)           0.670     9.128    sw_sync/hex_seg_a_OBUF[4]_inst_i_5_n_0
    SLICE_X64Y87         LUT6 (Prop_lut6_I5_O)        0.124     9.252 r  sw_sync/hex_seg_a_OBUF[4]_inst_i_2/O
                         net (fo=1, routed)           0.701     9.953    sw_sync/hex_seg_a_OBUF[4]_inst_i_2_n_0
    SLICE_X65Y87         LUT6 (Prop_lut6_I0_O)        0.124    10.077 r  sw_sync/hex_seg_a_OBUF[4]_inst_i_1/O
                         net (fo=1, routed)           1.881    11.959    hex_seg_a_OBUF[4]
    D7                   OBUF (Prop_obuf_I_O)         2.916    14.874 r  hex_seg_a_OBUF[4]_inst/O
                         net (fo=0)                   0.000    14.874    hex_seg_a[4]
    D7                                                                r  hex_seg_a[4] (OUT)
  -------------------------------------------------------------------    -------------------

Slack:                    inf
  Source:                 button_sync[1]/q_reg/C
                            (rising edge-triggered cell FDRE clocked by clk  {rise@0.000ns fall@5.000ns period=10.000ns})
  Destination:            hex_seg_a[2]
                            (output port)
  Path Group:             (none)
  Path Type:              Max at Slow Process Corner
  Data Path Delay:        9.550ns  (logic 4.289ns (44.911%)  route 5.261ns (55.089%))
  Logic Levels:           5  (LUT3=1 LUT5=1 LUT6=2 OBUF=1)
  Clock Uncertainty:      0.025ns  ((TSJ^2 + TIJ^2)^1/2 + DJ) / 2 + PE
    Total System Jitter     (TSJ):    0.050ns
    Total Input Jitter      (TIJ):    0.000ns
    Discrete Jitter          (DJ):    0.000ns
    Phase Error              (PE):    0.000ns

    Location             Delay type                Incr(ns)  Path(ns)    Netlist Resource(s)
  -------------------------------------------------------------------    -------------------
                         (clock clk rise edge)        0.000     0.000 r  
    N15                                               0.000     0.000 r  clk (IN)
                         net (fo=0)                   0.000     0.000    clk
    N15                  IBUF (Prop_ibuf_I_O)         1.440     1.440 r  clk_IBUF_inst/O
                         net (fo=1, routed)           1.972     3.412    clk_IBUF
    BUFGCTRL_X0Y0        BUFG (Prop_bufg_I_O)         0.096     3.508 r  clk_IBUF_BUFG_inst/O
                         net (fo=90, routed)          1.613     5.121    button_sync[1]/clk_IBUF_BUFG
    SLICE_X63Y79         FDRE                                         r  button_sync[1]/q_reg/C
  -------------------------------------------------------------------    -------------------
    SLICE_X63Y79         FDRE (Prop_fdre_C_Q)         0.456     5.577 r  button_sync[1]/q_reg/Q
                         net (fo=55, routed)          1.536     7.113    hex_a/reset_s
    SLICE_X63Y86         LUT3 (Prop_lut3_I1_O)        0.118     7.231 r  hex_a/hex_grid_a_OBUF[0]_inst_i_1/O
                         net (fo=10, routed)          0.698     7.929    sw_sync/hex_grid_b_OBUF[0]
    SLICE_X63Y85         LUT5 (Prop_lut5_I0_O)        0.355     8.284 f  sw_sync/hex_seg_a_OBUF[2]_inst_i_6/O
                         net (fo=1, routed)           0.407     8.691    sw_sync/hex_seg_a_OBUF[2]_inst_i_6_n_0
    SLICE_X63Y87         LUT6 (Prop_lut6_I5_O)        0.327     9.018 f  sw_sync/hex_seg_a_OBUF[2]_inst_i_4/O
                         net (fo=1, routed)           1.094    10.113    sw_sync/hex_seg_a_OBUF[2]_inst_i_4_n_0
    SLICE_X64Y87         LUT6 (Prop_lut6_I5_O)        0.124    10.237 r  sw_sync/hex_seg_a_OBUF[2]_inst_i_1/O
                         net (fo=1, routed)           1.525    11.762    hex_seg_a_OBUF[2]
    D5                   OBUF (Prop_obuf_I_O)         2.909    14.671 r  hex_seg_a_OBUF[2]_inst/O
                         net (fo=0)                   0.000    14.671    hex_seg_a[2]
    D5                                                                r  hex_seg_a[2] (OUT)
  -------------------------------------------------------------------    -------------------

Slack:                    inf
  Source:                 reg_unit/data_q_reg[10]/C
                            (rising edge-triggered cell FDRE clocked by clk  {rise@0.000ns fall@5.000ns period=10.000ns})
  Destination:            hex_seg_b[3]
                            (output port)
  Path Group:             (none)
  Path Type:              Max at Slow Process Corner
  Data Path Delay:        9.443ns  (logic 3.956ns (41.890%)  route 5.487ns (58.110%))
  Logic Levels:           4  (LUT4=2 LUT6=1 OBUF=1)
  Clock Uncertainty:      0.025ns  ((TSJ^2 + TIJ^2)^1/2 + DJ) / 2 + PE
    Total System Jitter     (TSJ):    0.050ns
    Total Input Jitter      (TIJ):    0.000ns
    Discrete Jitter          (DJ):    0.000ns
    Phase Error              (PE):    0.000ns

    Location             Delay type                Incr(ns)  Path(ns)    Netlist Resource(s)
  -------------------------------------------------------------------    -------------------
                         (clock clk rise edge)        0.000     0.000 r  
    N15                                               0.000     0.000 r  clk (IN)
                         net (fo=0)                   0.000     0.000    clk
    N15                  IBUF (Prop_ibuf_I_O)         1.440     1.440 r  clk_IBUF_inst/O
                         net (fo=1, routed)           1.972     3.412    clk_IBUF
    BUFGCTRL_X0Y0        BUFG (Prop_bufg_I_O)         0.096     3.508 r  clk_IBUF_BUFG_inst/O
                         net (fo=90, routed)          1.619     5.127    reg_unit/clk_IBUF_BUFG
    SLICE_X63Y84         FDRE                                         r  reg_unit/data_q_reg[10]/C
  -------------------------------------------------------------------    -------------------
    SLICE_X63Y84         FDRE (Prop_fdre_C_Q)         0.456     5.583 r  reg_unit/data_q_reg[10]/Q
                         net (fo=10, routed)          1.280     6.863    reg_unit/Q[10]
    SLICE_X61Y83         LUT4 (Prop_lut4_I3_O)        0.152     7.015 f  reg_unit/hex_seg_b_OBUF[3]_inst_i_5/O
                         net (fo=1, routed)           0.827     7.842    reg_unit/hex_seg_b_OBUF[3]_inst_i_5_n_0
    SLICE_X61Y82         LUT6 (Prop_lut6_I5_O)        0.326     8.168 f  reg_unit/hex_seg_b_OBUF[3]_inst_i_3/O
                         net (fo=1, routed)           0.665     8.834    reg_unit/hex_seg_b_OBUF[3]_inst_i_3_n_0
    SLICE_X61Y82         LUT4 (Prop_lut4_I3_O)        0.124     8.958 r  reg_unit/hex_seg_b_OBUF[3]_inst_i_1/O
                         net (fo=1, routed)           2.714    11.672    hex_seg_b_OBUF[3]
    H4                   OBUF (Prop_obuf_I_O)         2.898    14.569 r  hex_seg_b_OBUF[3]_inst/O
                         net (fo=0)                   0.000    14.569    hex_seg_b[3]
    H4                                                                r  hex_seg_b[3] (OUT)
  -------------------------------------------------------------------    -------------------

Slack:                    inf
  Source:                 button_sync[1]/q_reg/C
                            (rising edge-triggered cell FDRE clocked by clk  {rise@0.000ns fall@5.000ns period=10.000ns})
  Destination:            hex_seg_b[4]
                            (output port)
  Path Group:             (none)
  Path Type:              Max at Slow Process Corner
  Data Path Delay:        9.367ns  (logic 3.867ns (41.280%)  route 5.500ns (58.720%))
  Logic Levels:           5  (LUT3=1 LUT5=1 LUT6=2 OBUF=1)
  Clock Uncertainty:      0.025ns  ((TSJ^2 + TIJ^2)^1/2 + DJ) / 2 + PE
    Total System Jitter     (TSJ):    0.050ns
    Total Input Jitter      (TIJ):    0.000ns
    Discrete Jitter          (DJ):    0.000ns
    Phase Error              (PE):    0.000ns

    Location             Delay type                Incr(ns)  Path(ns)    Netlist Resource(s)
  -------------------------------------------------------------------    -------------------
                         (clock clk rise edge)        0.000     0.000 r  
    N15                                               0.000     0.000 r  clk (IN)
                         net (fo=0)                   0.000     0.000    clk
    N15                  IBUF (Prop_ibuf_I_O)         1.440     1.440 r  clk_IBUF_inst/O
                         net (fo=1, routed)           1.972     3.412    clk_IBUF
    BUFGCTRL_X0Y0        BUFG (Prop_bufg_I_O)         0.096     3.508 r  clk_IBUF_BUFG_inst/O
                         net (fo=90, routed)          1.613     5.121    button_sync[1]/clk_IBUF_BUFG
    SLICE_X63Y79         FDRE                                         r  button_sync[1]/q_reg/C
  -------------------------------------------------------------------    -------------------
    SLICE_X63Y79         FDRE (Prop_fdre_C_Q)         0.456     5.577 r  button_sync[1]/q_reg/Q
                         net (fo=55, routed)          1.536     7.113    hex_a/reset_s
    SLICE_X63Y86         LUT3 (Prop_lut3_I2_O)        0.124     7.237 f  hex_a/hex_seg_a_OBUF[2]_inst_i_5/O
                         net (fo=6, routed)           0.984     8.221    reg_unit/hex_seg_b_OBUF[6]_inst_i_2_0
    SLICE_X60Y83         LUT5 (Prop_lut5_I0_O)        0.124     8.345 f  reg_unit/hex_seg_b_OBUF[4]_inst_i_5/O
                         net (fo=1, routed)           0.303     8.648    reg_unit/hex_seg_b_OBUF[4]_inst_i_5_n_0
    SLICE_X60Y84         LUT6 (Prop_lut6_I5_O)        0.124     8.772 r  reg_unit/hex_seg_b_OBUF[4]_inst_i_2/O
                         net (fo=1, routed)           0.595     9.367    reg_unit/hex_seg_b_OBUF[4]_inst_i_2_n_0
    SLICE_X62Y83         LUT6 (Prop_lut6_I0_O)        0.124     9.491 r  reg_unit/hex_seg_b_OBUF[4]_inst_i_1/O
                         net (fo=1, routed)           2.082    11.573    hex_seg_b_OBUF[4]
    F4                   OBUF (Prop_obuf_I_O)         2.915    14.488 r  hex_seg_b_OBUF[4]_inst/O
                         net (fo=0)                   0.000    14.488    hex_seg_b[4]
    F4                                                                r  hex_seg_b[4] (OUT)
  -------------------------------------------------------------------    -------------------

Slack:                    inf
  Source:                 button_sync[1]/q_reg/C
                            (rising edge-triggered cell FDRE clocked by clk  {rise@0.000ns fall@5.000ns period=10.000ns})
  Destination:            hex_seg_a[1]
                            (output port)
  Path Group:             (none)
  Path Type:              Max at Slow Process Corner
  Data Path Delay:        9.189ns  (logic 4.065ns (44.239%)  route 5.124ns (55.761%))
  Logic Levels:           5  (LUT3=1 LUT5=1 LUT6=2 OBUF=1)
  Clock Uncertainty:      0.025ns  ((TSJ^2 + TIJ^2)^1/2 + DJ) / 2 + PE
    Total System Jitter     (TSJ):    0.050ns
    Total Input Jitter      (TIJ):    0.000ns
    Discrete Jitter          (DJ):    0.000ns
    Phase Error              (PE):    0.000ns

    Location             Delay type                Incr(ns)  Path(ns)    Netlist Resource(s)
  -------------------------------------------------------------------    -------------------
                         (clock clk rise edge)        0.000     0.000 r  
    N15                                               0.000     0.000 r  clk (IN)
                         net (fo=0)                   0.000     0.000    clk
    N15                  IBUF (Prop_ibuf_I_O)         1.440     1.440 r  clk_IBUF_inst/O
                         net (fo=1, routed)           1.972     3.412    clk_IBUF
    BUFGCTRL_X0Y0        BUFG (Prop_bufg_I_O)         0.096     3.508 r  clk_IBUF_BUFG_inst/O
                         net (fo=90, routed)          1.613     5.121    button_sync[1]/clk_IBUF_BUFG
    SLICE_X63Y79         FDRE                                         r  button_sync[1]/q_reg/C
  -------------------------------------------------------------------    -------------------
    SLICE_X63Y79         FDRE (Prop_fdre_C_Q)         0.456     5.577 r  button_sync[1]/q_reg/Q
                         net (fo=55, routed)          1.536     7.113    hex_a/reset_s
    SLICE_X63Y86         LUT3 (Prop_lut3_I1_O)        0.118     7.231 r  hex_a/hex_grid_a_OBUF[0]_inst_i_1/O
                         net (fo=10, routed)          0.698     7.929    sw_sync/hex_grid_b_OBUF[0]
    SLICE_X63Y85         LUT5 (Prop_lut5_I0_O)        0.326     8.255 f  sw_sync/hex_seg_a_OBUF[1]_inst_i_6/O
                         net (fo=1, routed)           0.433     8.689    sw_sync/hex_seg_a_OBUF[1]_inst_i_6_n_0
    SLICE_X63Y85         LUT6 (Prop_lut6_I5_O)        0.124     8.813 r  sw_sync/hex_seg_a_OBUF[1]_inst_i_2/O
                         net (fo=1, routed)           0.931     9.744    sw_sync/hex_seg_a_OBUF[1]_inst_i_2_n_0
    SLICE_X65Y85         LUT6 (Prop_lut6_I0_O)        0.124     9.868 r  sw_sync/hex_seg_a_OBUF[1]_inst_i_1/O
                         net (fo=1, routed)           1.525    11.393    hex_seg_a_OBUF[1]
    B4                   OBUF (Prop_obuf_I_O)         2.917    14.310 r  hex_seg_a_OBUF[1]_inst/O
                         net (fo=0)                   0.000    14.310    hex_seg_a[1]
    B4                                                                r  hex_seg_a[1] (OUT)
  -------------------------------------------------------------------    -------------------

Slack:                    inf
  Source:                 reg_unit/data_q_reg[14]/C
                            (rising edge-triggered cell FDRE clocked by clk  {rise@0.000ns fall@5.000ns period=10.000ns})
  Destination:            hex_seg_b[0]
                            (output port)
  Path Group:             (none)
  Path Type:              Max at Slow Process Corner
  Data Path Delay:        8.795ns  (logic 4.136ns (47.031%)  route 4.659ns (52.969%))
  Logic Levels:           4  (LUT4=2 LUT6=1 OBUF=1)
  Clock Uncertainty:      0.025ns  ((TSJ^2 + TIJ^2)^1/2 + DJ) / 2 + PE
    Total System Jitter     (TSJ):    0.050ns
    Total Input Jitter      (TIJ):    0.000ns
    Discrete Jitter          (DJ):    0.000ns
    Phase Error              (PE):    0.000ns

    Location             Delay type                Incr(ns)  Path(ns)    Netlist Resource(s)
  -------------------------------------------------------------------    -------------------
                         (clock clk rise edge)        0.000     0.000 r  
    N15                                               0.000     0.000 r  clk (IN)
                         net (fo=0)                   0.000     0.000    clk
    N15                  IBUF (Prop_ibuf_I_O)         1.440     1.440 r  clk_IBUF_inst/O
                         net (fo=1, routed)           1.972     3.412    clk_IBUF
    BUFGCTRL_X0Y0        BUFG (Prop_bufg_I_O)         0.096     3.508 r  clk_IBUF_BUFG_inst/O
                         net (fo=90, routed)          1.621     5.129    reg_unit/clk_IBUF_BUFG
    SLICE_X63Y85         FDRE                                         r  reg_unit/data_q_reg[14]/C
  -------------------------------------------------------------------    -------------------
    SLICE_X63Y85         FDRE (Prop_fdre_C_Q)         0.419     5.548 r  reg_unit/data_q_reg[14]/Q
                         net (fo=10, routed)          1.018     6.566    reg_unit/Q[14]
    SLICE_X60Y84         LUT4 (Prop_lut4_I3_O)        0.327     6.893 r  reg_unit/hex_seg_b_OBUF[0]_inst_i_4/O
                         net (fo=1, routed)           0.825     7.718    reg_unit/hex_seg_b_OBUF[0]_inst_i_4_n_0
    SLICE_X60Y82         LUT6 (Prop_lut6_I5_O)        0.348     8.066 r  reg_unit/hex_seg_b_OBUF[0]_inst_i_2/O
                         net (fo=1, routed)           0.689     8.755    reg_unit/hex_seg_b_OBUF[0]_inst_i_2_n_0
    SLICE_X60Y82         LUT4 (Prop_lut4_I0_O)        0.124     8.879 r  reg_unit/hex_seg_b_OBUF[0]_inst_i_1/O
                         net (fo=1, routed)           2.126    11.006    hex_seg_b_OBUF[0]
    F3                   OBUF (Prop_obuf_I_O)         2.918    13.924 r  hex_seg_b_OBUF[0]_inst/O
                         net (fo=0)                   0.000    13.924    hex_seg_b[0]
    F3                                                                r  hex_seg_b[0] (OUT)
  -------------------------------------------------------------------    -------------------





Min Delay Paths
--------------------------------------------------------------------------------------
Slack:                    inf
  Source:                 hex_a/counter_reg[16]/C
                            (rising edge-triggered cell FDRE clocked by clk  {rise@0.000ns fall@5.000ns period=10.000ns})
  Destination:            hex_seg_a[6]
                            (output port)
  Path Group:             (none)
  Path Type:              Min at Fast Process Corner
  Data Path Delay:        1.924ns  (logic 1.364ns (70.899%)  route 0.560ns (29.101%))
  Logic Levels:           2  (LUT6=1 OBUF=1)
  Clock Uncertainty:      0.025ns  ((TSJ^2 + TIJ^2)^1/2 + DJ) / 2 + PE
    Total System Jitter     (TSJ):    0.050ns
    Total Input Jitter      (TIJ):    0.000ns
    Discrete Jitter          (DJ):    0.000ns
    Phase Error              (PE):    0.000ns

    Location             Delay type                Incr(ns)  Path(ns)    Netlist Resource(s)
  -------------------------------------------------------------------    -------------------
                         (clock clk rise edge)        0.000     0.000 r  
    N15                                               0.000     0.000 r  clk (IN)
                         net (fo=0)                   0.000     0.000    clk
    N15                  IBUF (Prop_ibuf_I_O)         0.209     0.209 r  clk_IBUF_inst/O
                         net (fo=1, routed)           0.634     0.843    clk_IBUF
    BUFGCTRL_X0Y0        BUFG (Prop_bufg_I_O)         0.026     0.869 r  clk_IBUF_BUFG_inst/O
                         net (fo=90, routed)          0.591     1.459    hex_a/clk_IBUF_BUFG
    SLICE_X62Y88         FDRE                                         r  hex_a/counter_reg[16]/C
  -------------------------------------------------------------------    -------------------
    SLICE_X62Y88         FDRE (Prop_fdre_C_Q)         0.141     1.600 r  hex_a/counter_reg[16]/Q
                         net (fo=27, routed)          0.229     1.829    sw_sync/p_0_in[1]
    SLICE_X64Y86         LUT6 (Prop_lut6_I3_O)        0.045     1.874 r  sw_sync/hex_seg_a_OBUF[6]_inst_i_1/O
                         net (fo=1, routed)           0.331     2.205    hex_seg_a_OBUF[6]
    C4                   OBUF (Prop_obuf_I_O)         1.178     3.384 r  hex_seg_a_OBUF[6]_inst/O
                         net (fo=0)                   0.000     3.384    hex_seg_a[6]
    C4                                                                r  hex_seg_a[6] (OUT)
  -------------------------------------------------------------------    -------------------

Slack:                    inf
  Source:                 hex_a/counter_reg[15]/C
                            (rising edge-triggered cell FDRE clocked by clk  {rise@0.000ns fall@5.000ns period=10.000ns})
  Destination:            hex_seg_a[2]
                            (output port)
  Path Group:             (none)
  Path Type:              Min at Fast Process Corner
  Data Path Delay:        1.948ns  (logic 1.359ns (69.777%)  route 0.589ns (30.223%))
  Logic Levels:           2  (LUT6=1 OBUF=1)
  Clock Uncertainty:      0.025ns  ((TSJ^2 + TIJ^2)^1/2 + DJ) / 2 + PE
    Total System Jitter     (TSJ):    0.050ns
    Total Input Jitter      (TIJ):    0.000ns
    Discrete Jitter          (DJ):    0.000ns
    Phase Error              (PE):    0.000ns

    Location             Delay type                Incr(ns)  Path(ns)    Netlist Resource(s)
  -------------------------------------------------------------------    -------------------
                         (clock clk rise edge)        0.000     0.000 r  
    N15                                               0.000     0.000 r  clk (IN)
                         net (fo=0)                   0.000     0.000    clk
    N15                  IBUF (Prop_ibuf_I_O)         0.209     0.209 r  clk_IBUF_inst/O
                         net (fo=1, routed)           0.634     0.843    clk_IBUF
    BUFGCTRL_X0Y0        BUFG (Prop_bufg_I_O)         0.026     0.869 r  clk_IBUF_BUFG_inst/O
                         net (fo=90, routed)          0.590     1.458    hex_a/clk_IBUF_BUFG
    SLICE_X62Y87         FDRE                                         r  hex_a/counter_reg[15]/C
  -------------------------------------------------------------------    -------------------
    SLICE_X62Y87         FDRE (Prop_fdre_C_Q)         0.141     1.599 r  hex_a/counter_reg[15]/Q
                         net (fo=21, routed)          0.308     1.908    sw_sync/p_0_in[0]
    SLICE_X64Y87         LUT6 (Prop_lut6_I0_O)        0.045     1.953 r  sw_sync/hex_seg_a_OBUF[2]_inst_i_1/O
                         net (fo=1, routed)           0.280     2.233    hex_seg_a_OBUF[2]
    D5                   OBUF (Prop_obuf_I_O)         1.173     3.406 r  hex_seg_a_OBUF[2]_inst/O
                         net (fo=0)                   0.000     3.406    hex_seg_a[2]
    D5                                                                r  hex_seg_a[2] (OUT)
  -------------------------------------------------------------------    -------------------

Slack:                    inf
  Source:                 hex_a/counter_reg[15]/C
                            (rising edge-triggered cell FDRE clocked by clk  {rise@0.000ns fall@5.000ns period=10.000ns})
  Destination:            hex_seg_a[5]
                            (output port)
  Path Group:             (none)
  Path Type:              Min at Fast Process Corner
  Data Path Delay:        1.976ns  (logic 1.355ns (68.567%)  route 0.621ns (31.433%))
  Logic Levels:           2  (LUT4=1 OBUF=1)
  Clock Uncertainty:      0.025ns  ((TSJ^2 + TIJ^2)^1/2 + DJ) / 2 + PE
    Total System Jitter     (TSJ):    0.050ns
    Total Input Jitter      (TIJ):    0.000ns
    Discrete Jitter          (DJ):    0.000ns
    Phase Error              (PE):    0.000ns

    Location             Delay type                Incr(ns)  Path(ns)    Netlist Resource(s)
  -------------------------------------------------------------------    -------------------
                         (clock clk rise edge)        0.000     0.000 r  
    N15                                               0.000     0.000 r  clk (IN)
                         net (fo=0)                   0.000     0.000    clk
    N15                  IBUF (Prop_ibuf_I_O)         0.209     0.209 r  clk_IBUF_inst/O
                         net (fo=1, routed)           0.634     0.843    clk_IBUF
    BUFGCTRL_X0Y0        BUFG (Prop_bufg_I_O)         0.026     0.869 r  clk_IBUF_BUFG_inst/O
                         net (fo=90, routed)          0.590     1.458    hex_a/clk_IBUF_BUFG
    SLICE_X62Y87         FDRE                                         r  hex_a/counter_reg[15]/C
  -------------------------------------------------------------------    -------------------
    SLICE_X62Y87         FDRE (Prop_fdre_C_Q)         0.141     1.599 r  hex_a/counter_reg[15]/Q
                         net (fo=21, routed)          0.303     1.903    sw_sync/p_0_in[0]
    SLICE_X65Y87         LUT4 (Prop_lut4_I2_O)        0.045     1.948 r  sw_sync/hex_seg_a_OBUF[5]_inst_i_1/O
                         net (fo=1, routed)           0.318     2.265    hex_seg_a_OBUF[5]
    D6                   OBUF (Prop_obuf_I_O)         1.169     3.434 r  hex_seg_a_OBUF[5]_inst/O
                         net (fo=0)                   0.000     3.434    hex_seg_a[5]
    D6                                                                r  hex_seg_a[5] (OUT)
  -------------------------------------------------------------------    -------------------

Slack:                    inf
  Source:                 button_sync[1]/q_reg/C
                            (rising edge-triggered cell FDRE clocked by clk  {rise@0.000ns fall@5.000ns period=10.000ns})
  Destination:            hex_grid_a[3]
                            (output port)
  Path Group:             (none)
  Path Type:              Min at Fast Process Corner
  Data Path Delay:        2.000ns  (logic 1.431ns (71.560%)  route 0.569ns (28.440%))
  Logic Levels:           2  (LUT3=1 OBUF=1)
  Clock Uncertainty:      0.025ns  ((TSJ^2 + TIJ^2)^1/2 + DJ) / 2 + PE
    Total System Jitter     (TSJ):    0.050ns
    Total Input Jitter      (TIJ):    0.000ns
    Discrete Jitter          (DJ):    0.000ns
    Phase Error              (PE):    0.000ns

    Location             Delay type                Incr(ns)  Path(ns)    Netlist Resource(s)
  -------------------------------------------------------------------    -------------------
                         (clock clk rise edge)        0.000     0.000 r  
    N15                                               0.000     0.000 r  clk (IN)
                         net (fo=0)                   0.000     0.000    clk
    N15                  IBUF (Prop_ibuf_I_O)         0.209     0.209 r  clk_IBUF_inst/O
                         net (fo=1, routed)           0.634     0.843    clk_IBUF
    BUFGCTRL_X0Y0        BUFG (Prop_bufg_I_O)         0.026     0.869 r  clk_IBUF_BUFG_inst/O
                         net (fo=90, routed)          0.584     1.452    button_sync[1]/clk_IBUF_BUFG
    SLICE_X63Y79         FDRE                                         r  button_sync[1]/q_reg/C
  -------------------------------------------------------------------    -------------------
    SLICE_X63Y79         FDRE (Prop_fdre_C_Q)         0.141     1.593 r  button_sync[1]/q_reg/Q
                         net (fo=55, routed)          0.227     1.820    hex_a/reset_s
    SLICE_X65Y82         LUT3 (Prop_lut3_I0_O)        0.048     1.868 r  hex_a/hex_grid_a_OBUF[3]_inst_i_1/O
                         net (fo=2, routed)           0.342     2.210    hex_grid_b_OBUF[3]
    B3                   OBUF (Prop_obuf_I_O)         1.242     3.453 r  hex_grid_a_OBUF[3]_inst/O
                         net (fo=0)                   0.000     3.453    hex_grid_a[3]
    B3                                                                r  hex_grid_a[3] (OUT)
  -------------------------------------------------------------------    -------------------

Slack:                    inf
  Source:                 hex_a/counter_reg[15]/C
                            (rising edge-triggered cell FDRE clocked by clk  {rise@0.000ns fall@5.000ns period=10.000ns})
  Destination:            hex_seg_a[0]
                            (output port)
  Path Group:             (none)
  Path Type:              Min at Fast Process Corner
  Data Path Delay:        2.006ns  (logic 1.350ns (67.292%)  route 0.656ns (32.708%))
  Logic Levels:           2  (LUT4=1 OBUF=1)
  Clock Uncertainty:      0.025ns  ((TSJ^2 + TIJ^2)^1/2 + DJ) / 2 + PE
    Total System Jitter     (TSJ):    0.050ns
    Total Input Jitter      (TIJ):    0.000ns
    Discrete Jitter          (DJ):    0.000ns
    Phase Error              (PE):    0.000ns

    Location             Delay type                Incr(ns)  Path(ns)    Netlist Resource(s)
  -------------------------------------------------------------------    -------------------
                         (clock clk rise edge)        0.000     0.000 r  
    N15                                               0.000     0.000 r  clk (IN)
                         net (fo=0)                   0.000     0.000    clk
    N15                  IBUF (Prop_ibuf_I_O)         0.209     0.209 r  clk_IBUF_inst/O
                         net (fo=1, routed)           0.634     0.843    clk_IBUF
    BUFGCTRL_X0Y0        BUFG (Prop_bufg_I_O)         0.026     0.869 r  clk_IBUF_BUFG_inst/O
                         net (fo=90, routed)          0.590     1.458    hex_a/clk_IBUF_BUFG
    SLICE_X62Y87         FDRE                                         r  hex_a/counter_reg[15]/C
  -------------------------------------------------------------------    -------------------
    SLICE_X62Y87         FDRE (Prop_fdre_C_Q)         0.141     1.599 r  hex_a/counter_reg[15]/Q
                         net (fo=21, routed)          0.257     1.857    sw_sync/p_0_in[0]
    SLICE_X63Y86         LUT4 (Prop_lut4_I3_O)        0.045     1.902 r  sw_sync/hex_seg_a_OBUF[0]_inst_i_1/O
                         net (fo=1, routed)           0.399     2.300    hex_seg_a_OBUF[0]
    E6                   OBUF (Prop_obuf_I_O)         1.164     3.464 r  hex_seg_a_OBUF[0]_inst/O
                         net (fo=0)                   0.000     3.464    hex_seg_a[0]
    E6                                                                r  hex_seg_a[0] (OUT)
  -------------------------------------------------------------------    -------------------

Slack:                    inf
  Source:                 hex_a/counter_reg[15]/C
                            (rising edge-triggered cell FDRE clocked by clk  {rise@0.000ns fall@5.000ns period=10.000ns})
  Destination:            hex_seg_a[4]
                            (output port)
  Path Group:             (none)
  Path Type:              Min at Fast Process Corner
  Data Path Delay:        2.015ns  (logic 1.366ns (67.766%)  route 0.650ns (32.234%))
  Logic Levels:           2  (LUT6=1 OBUF=1)
  Clock Uncertainty:      0.025ns  ((TSJ^2 + TIJ^2)^1/2 + DJ) / 2 + PE
    Total System Jitter     (TSJ):    0.050ns
    Total Input Jitter      (TIJ):    0.000ns
    Discrete Jitter          (DJ):    0.000ns
    Phase Error              (PE):    0.000ns

    Location             Delay type                Incr(ns)  Path(ns)    Netlist Resource(s)
  -------------------------------------------------------------------    -------------------
                         (clock clk rise edge)        0.000     0.000 r  
    N15                                               0.000     0.000 r  clk (IN)
                         net (fo=0)                   0.000     0.000    clk
    N15                  IBUF (Prop_ibuf_I_O)         0.209     0.209 r  clk_IBUF_inst/O
                         net (fo=1, routed)           0.634     0.843    clk_IBUF
    BUFGCTRL_X0Y0        BUFG (Prop_bufg_I_O)         0.026     0.869 r  clk_IBUF_BUFG_inst/O
                         net (fo=90, routed)          0.590     1.458    hex_a/clk_IBUF_BUFG
    SLICE_X62Y87         FDRE                                         r  hex_a/counter_reg[15]/C
  -------------------------------------------------------------------    -------------------
    SLICE_X62Y87         FDRE (Prop_fdre_C_Q)         0.141     1.599 r  hex_a/counter_reg[15]/Q
                         net (fo=21, routed)          0.227     1.827    sw_sync/p_0_in[0]
    SLICE_X65Y87         LUT6 (Prop_lut6_I2_O)        0.045     1.872 r  sw_sync/hex_seg_a_OBUF[4]_inst_i_1/O
                         net (fo=1, routed)           0.422     2.294    hex_seg_a_OBUF[4]
    D7                   OBUF (Prop_obuf_I_O)         1.180     3.473 r  hex_seg_a_OBUF[4]_inst/O
                         net (fo=0)                   0.000     3.473    hex_seg_a[4]
    D7                                                                r  hex_seg_a[4] (OUT)
  -------------------------------------------------------------------    -------------------

Slack:                    inf
  Source:                 hex_a/counter_reg[15]/C
                            (rising edge-triggered cell FDRE clocked by clk  {rise@0.000ns fall@5.000ns period=10.000ns})
  Destination:            hex_seg_a[1]
                            (output port)
  Path Group:             (none)
  Path Type:              Min at Fast Process Corner
  Data Path Delay:        2.022ns  (logic 1.367ns (67.619%)  route 0.655ns (32.381%))
  Logic Levels:           2  (LUT6=1 OBUF=1)
  Clock Uncertainty:      0.025ns  ((TSJ^2 + TIJ^2)^1/2 + DJ) / 2 + PE
    Total System Jitter     (TSJ):    0.050ns
    Total Input Jitter      (TIJ):    0.000ns
    Discrete Jitter          (DJ):    0.000ns
    Phase Error              (PE):    0.000ns

    Location             Delay type                Incr(ns)  Path(ns)    Netlist Resource(s)
  -------------------------------------------------------------------    -------------------
                         (clock clk rise edge)        0.000     0.000 r  
    N15                                               0.000     0.000 r  clk (IN)
                         net (fo=0)                   0.000     0.000    clk
    N15                  IBUF (Prop_ibuf_I_O)         0.209     0.209 r  clk_IBUF_inst/O
                         net (fo=1, routed)           0.634     0.843    clk_IBUF
    BUFGCTRL_X0Y0        BUFG (Prop_bufg_I_O)         0.026     0.869 r  clk_IBUF_BUFG_inst/O
                         net (fo=90, routed)          0.590     1.458    hex_a/clk_IBUF_BUFG
    SLICE_X62Y87         FDRE                                         r  hex_a/counter_reg[15]/C
  -------------------------------------------------------------------    -------------------
    SLICE_X62Y87         FDRE (Prop_fdre_C_Q)         0.141     1.599 r  hex_a/counter_reg[15]/Q
                         net (fo=21, routed)          0.374     1.974    sw_sync/p_0_in[0]
    SLICE_X65Y85         LUT6 (Prop_lut6_I2_O)        0.045     2.019 r  sw_sync/hex_seg_a_OBUF[1]_inst_i_1/O
                         net (fo=1, routed)           0.280     2.299    hex_seg_a_OBUF[1]
    B4                   OBUF (Prop_obuf_I_O)         1.181     3.480 r  hex_seg_a_OBUF[1]_inst/O
                         net (fo=0)                   0.000     3.480    hex_seg_a[1]
    B4                                                                r  hex_seg_a[1] (OUT)
  -------------------------------------------------------------------    -------------------

Slack:                    inf
  Source:                 hex_a/counter_reg[15]/C
                            (rising edge-triggered cell FDRE clocked by clk  {rise@0.000ns fall@5.000ns period=10.000ns})
  Destination:            hex_seg_a[3]
                            (output port)
  Path Group:             (none)
  Path Type:              Min at Fast Process Corner
  Data Path Delay:        2.060ns  (logic 1.358ns (65.921%)  route 0.702ns (34.079%))
  Logic Levels:           2  (LUT4=1 OBUF=1)
  Clock Uncertainty:      0.025ns  ((TSJ^2 + TIJ^2)^1/2 + DJ) / 2 + PE
    Total System Jitter     (TSJ):    0.050ns
    Total Input Jitter      (TIJ):    0.000ns
    Discrete Jitter          (DJ):    0.000ns
    Phase Error              (PE):    0.000ns

    Location             Delay type                Incr(ns)  Path(ns)    Netlist Resource(s)
  -------------------------------------------------------------------    -------------------
                         (clock clk rise edge)        0.000     0.000 r  
    N15                                               0.000     0.000 r  clk (IN)
                         net (fo=0)                   0.000     0.000    clk
    N15                  IBUF (Prop_ibuf_I_O)         0.209     0.209 r  clk_IBUF_inst/O
                         net (fo=1, routed)           0.634     0.843    clk_IBUF
    BUFGCTRL_X0Y0        BUFG (Prop_bufg_I_O)         0.026     0.869 r  clk_IBUF_BUFG_inst/O
                         net (fo=90, routed)          0.590     1.458    hex_a/clk_IBUF_BUFG
    SLICE_X62Y87         FDRE                                         r  hex_a/counter_reg[15]/C
  -------------------------------------------------------------------    -------------------
    SLICE_X62Y87         FDRE (Prop_fdre_C_Q)         0.141     1.599 r  hex_a/counter_reg[15]/Q
                         net (fo=21, routed)          0.258     1.858    sw_sync/p_0_in[0]
    SLICE_X65Y85         LUT4 (Prop_lut4_I2_O)        0.045     1.903 r  sw_sync/hex_seg_a_OBUF[3]_inst_i_1/O
                         net (fo=1, routed)           0.444     2.346    hex_seg_a_OBUF[3]
    C5                   OBUF (Prop_obuf_I_O)         1.172     3.518 r  hex_seg_a_OBUF[3]_inst/O
                         net (fo=0)                   0.000     3.518    hex_seg_a[3]
    C5                                                                r  hex_seg_a[3] (OUT)
  -------------------------------------------------------------------    -------------------

Slack:                    inf
  Source:                 reg_unit/data_q_reg[4]/C
                            (rising edge-triggered cell FDRE clocked by clk  {rise@0.000ns fall@5.000ns period=10.000ns})
  Destination:            hex_seg_b[6]
                            (output port)
  Path Group:             (none)
  Path Type:              Min at Fast Process Corner
  Data Path Delay:        2.100ns  (logic 1.466ns (69.793%)  route 0.634ns (30.207%))
  Logic Levels:           3  (LUT4=1 LUT6=1 OBUF=1)
  Clock Uncertainty:      0.025ns  ((TSJ^2 + TIJ^2)^1/2 + DJ) / 2 + PE
    Total System Jitter     (TSJ):    0.050ns
    Total Input Jitter      (TIJ):    0.000ns
    Discrete Jitter          (DJ):    0.000ns
    Phase Error              (PE):    0.000ns

    Location             Delay type                Incr(ns)  Path(ns)    Netlist Resource(s)
  -------------------------------------------------------------------    -------------------
                         (clock clk rise edge)        0.000     0.000 r  
    N15                                               0.000     0.000 r  clk (IN)
                         net (fo=0)                   0.000     0.000    clk
    N15                  IBUF (Prop_ibuf_I_O)         0.209     0.209 r  clk_IBUF_inst/O
                         net (fo=1, routed)           0.634     0.843    clk_IBUF
    BUFGCTRL_X0Y0        BUFG (Prop_bufg_I_O)         0.026     0.869 r  clk_IBUF_BUFG_inst/O
                         net (fo=90, routed)          0.588     1.456    reg_unit/clk_IBUF_BUFG
    SLICE_X63Y83         FDRE                                         r  reg_unit/data_q_reg[4]/C
  -------------------------------------------------------------------    -------------------
    SLICE_X63Y83         FDRE (Prop_fdre_C_Q)         0.141     1.597 r  reg_unit/data_q_reg[4]/Q
                         net (fo=10, routed)          0.120     1.717    reg_unit/Q[4]
    SLICE_X62Y83         LUT4 (Prop_lut4_I3_O)        0.048     1.765 r  reg_unit/hex_seg_b_OBUF[6]_inst_i_4/O
                         net (fo=1, routed)           0.100     1.865    reg_unit/hex_seg_b_OBUF[6]_inst_i_4_n_0
    SLICE_X64Y84         LUT6 (Prop_lut6_I5_O)        0.107     1.972 r  reg_unit/hex_seg_b_OBUF[6]_inst_i_1/O
                         net (fo=1, routed)           0.414     2.387    hex_seg_b_OBUF[6]
    E5                   OBUF (Prop_obuf_I_O)         1.170     3.556 r  hex_seg_b_OBUF[6]_inst/O
                         net (fo=0)                   0.000     3.556    hex_seg_b[6]
    E5                                                                r  hex_seg_b[6] (OUT)
  -------------------------------------------------------------------    -------------------

Slack:                    inf
  Source:                 button_sync[1]/q_reg/C
                            (rising edge-triggered cell FDRE clocked by clk  {rise@0.000ns fall@5.000ns period=10.000ns})
  Destination:            hex_grid_b[1]
                            (output port)
  Path Group:             (none)
  Path Type:              Min at Fast Process Corner
  Data Path Delay:        2.134ns  (logic 1.371ns (64.227%)  route 0.764ns (35.773%))
  Logic Levels:           2  (LUT3=1 OBUF=1)
  Clock Uncertainty:      0.025ns  ((TSJ^2 + TIJ^2)^1/2 + DJ) / 2 + PE
    Total System Jitter     (TSJ):    0.050ns
    Total Input Jitter      (TIJ):    0.000ns
    Discrete Jitter          (DJ):    0.000ns
    Phase Error              (PE):    0.000ns

    Location             Delay type                Incr(ns)  Path(ns)    Netlist Resource(s)
  -------------------------------------------------------------------    -------------------
                         (clock clk rise edge)        0.000     0.000 r  
    N15                                               0.000     0.000 r  clk (IN)
                         net (fo=0)                   0.000     0.000    clk
    N15                  IBUF (Prop_ibuf_I_O)         0.209     0.209 r  clk_IBUF_inst/O
                         net (fo=1, routed)           0.634     0.843    clk_IBUF
    BUFGCTRL_X0Y0        BUFG (Prop_bufg_I_O)         0.026     0.869 r  clk_IBUF_BUFG_inst/O
                         net (fo=90, routed)          0.584     1.452    button_sync[1]/clk_IBUF_BUFG
    SLICE_X63Y79         FDRE                                         r  button_sync[1]/q_reg/C
  -------------------------------------------------------------------    -------------------
    SLICE_X63Y79         FDRE (Prop_fdre_C_Q)         0.141     1.593 r  button_sync[1]/q_reg/Q
                         net (fo=55, routed)          0.227     1.820    hex_a/reset_s
    SLICE_X65Y82         LUT3 (Prop_lut3_I0_O)        0.045     1.865 r  hex_a/hex_grid_a_OBUF[1]_inst_i_1/O
                         net (fo=2, routed)           0.537     2.402    hex_grid_b_OBUF[1]
    E3                   OBUF (Prop_obuf_I_O)         1.185     3.587 r  hex_grid_b_OBUF[1]_inst/O
                         net (fo=0)                   0.000     3.587    hex_grid_b[1]
    E3                                                                r  hex_grid_b[1] (OUT)
  -------------------------------------------------------------------    -------------------





--------------------------------------------------------------------------------------
Path Group:  (none)
From Clock:  
  To Clock:  clk

Max Delay            18 Endpoints
Min Delay            18 Endpoints
--------------------------------------------------------------------------------------


Max Delay Paths
--------------------------------------------------------------------------------------
Slack:                    inf
  Source:                 run_i
                            (input port)
  Destination:            button_sync[0]/ff1_reg/D
                            (rising edge-triggered cell FDRE clocked by clk  {rise@0.000ns fall@5.000ns period=10.000ns})
  Path Group:             (none)
  Path Type:              Setup (Max at Slow Process Corner)
  Data Path Delay:        3.065ns  (logic 1.316ns (42.948%)  route 1.749ns (57.052%))
  Logic Levels:           1  (IBUF=1)
  Clock Path Skew:        4.827ns (DCD - SCD + CPR)
    Destination Clock Delay (DCD):    4.827ns
    Source Clock Delay      (SCD):    0.000ns
    Clock Pessimism Removal (CPR):    0.000ns
  Clock Uncertainty:      0.025ns  ((TSJ^2 + TIJ^2)^1/2 + DJ) / 2 + PE
    Total System Jitter     (TSJ):    0.050ns
    Total Input Jitter      (TIJ):    0.000ns
    Discrete Jitter          (DJ):    0.000ns
    Phase Error              (PE):    0.000ns

    Location             Delay type                Incr(ns)  Path(ns)    Netlist Resource(s)
  -------------------------------------------------------------------    -------------------
    J2                                                0.000     0.000 r  run_i (IN)
                         net (fo=0)                   0.000     0.000    run_i
    J2                   IBUF (Prop_ibuf_I_O)         1.316     1.316 r  run_i_IBUF_inst/O
                         net (fo=1, routed)           1.749     3.065    button_sync[0]/run_i_IBUF
    SLICE_X60Y81         FDRE                                         r  button_sync[0]/ff1_reg/D
  -------------------------------------------------------------------    -------------------

                         (clock clk rise edge)        0.000     0.000 r  
    N15                                               0.000     0.000 r  clk (IN)
                         net (fo=0)                   0.000     0.000    clk
    N15                  IBUF (Prop_ibuf_I_O)         1.370     1.370 r  clk_IBUF_inst/O
                         net (fo=1, routed)           1.868     3.238    clk_IBUF
    BUFGCTRL_X0Y0        BUFG (Prop_bufg_I_O)         0.091     3.329 r  clk_IBUF_BUFG_inst/O
                         net (fo=90, routed)          1.498     4.827    button_sync[0]/clk_IBUF_BUFG
    SLICE_X60Y81         FDRE                                         r  button_sync[0]/ff1_reg/C

Slack:                    inf
  Source:                 sw_i[2]
                            (input port)
  Destination:            sw_sync/data_q_reg[2]/D
                            (rising edge-triggered cell FDRE clocked by clk  {rise@0.000ns fall@5.000ns period=10.000ns})
  Path Group:             (none)
  Path Type:              Setup (Max at Slow Process Corner)
  Data Path Delay:        3.018ns  (logic 1.328ns (43.992%)  route 1.690ns (56.008%))
  Logic Levels:           1  (IBUF=1)
  Clock Path Skew:        4.828ns (DCD - SCD + CPR)
    Destination Clock Delay (DCD):    4.828ns
    Source Clock Delay      (SCD):    0.000ns
    Clock Pessimism Removal (CPR):    0.000ns
  Clock Uncertainty:      0.025ns  ((TSJ^2 + TIJ^2)^1/2 + DJ) / 2 + PE
    Total System Jitter     (TSJ):    0.050ns
    Total Input Jitter      (TIJ):    0.000ns
    Discrete Jitter          (DJ):    0.000ns
    Phase Error              (PE):    0.000ns

    Location             Delay type                Incr(ns)  Path(ns)    Netlist Resource(s)
  -------------------------------------------------------------------    -------------------
    F1                                                0.000     0.000 r  sw_i[2] (IN)
                         net (fo=0)                   0.000     0.000    sw_i[2]
    F1                   IBUF (Prop_ibuf_I_O)         1.328     1.328 r  sw_i_IBUF[2]_inst/O
                         net (fo=1, routed)           1.690     3.018    sw_sync/sw_i_IBUF[2]
    SLICE_X65Y81         FDRE                                         r  sw_sync/data_q_reg[2]/D
  -------------------------------------------------------------------    -------------------

                         (clock clk rise edge)        0.000     0.000 r  
    N15                                               0.000     0.000 r  clk (IN)
                         net (fo=0)                   0.000     0.000    clk
    N15                  IBUF (Prop_ibuf_I_O)         1.370     1.370 r  clk_IBUF_inst/O
                         net (fo=1, routed)           1.868     3.238    clk_IBUF
    BUFGCTRL_X0Y0        BUFG (Prop_bufg_I_O)         0.091     3.329 r  clk_IBUF_BUFG_inst/O
                         net (fo=90, routed)          1.499     4.828    sw_sync/clk_IBUF_BUFG
    SLICE_X65Y81         FDRE                                         r  sw_sync/data_q_reg[2]/C

Slack:                    inf
  Source:                 sw_i[0]
                            (input port)
  Destination:            sw_sync/data_q_reg[0]/D
                            (rising edge-triggered cell FDRE clocked by clk  {rise@0.000ns fall@5.000ns period=10.000ns})
  Path Group:             (none)
  Path Type:              Setup (Max at Slow Process Corner)
  Data Path Delay:        2.896ns  (logic 1.325ns (45.758%)  route 1.571ns (54.242%))
  Logic Levels:           1  (IBUF=1)
  Clock Path Skew:        4.826ns (DCD - SCD + CPR)
    Destination Clock Delay (DCD):    4.826ns
    Source Clock Delay      (SCD):    0.000ns
    Clock Pessimism Removal (CPR):    0.000ns
  Clock Uncertainty:      0.025ns  ((TSJ^2 + TIJ^2)^1/2 + DJ) / 2 + PE
    Total System Jitter     (TSJ):    0.050ns
    Total Input Jitter      (TIJ):    0.000ns
    Discrete Jitter          (DJ):    0.000ns
    Phase Error              (PE):    0.000ns

    Location             Delay type                Incr(ns)  Path(ns)    Netlist Resource(s)
  -------------------------------------------------------------------    -------------------
    G1                                                0.000     0.000 r  sw_i[0] (IN)
                         net (fo=0)                   0.000     0.000    sw_i[0]
    G1                   IBUF (Prop_ibuf_I_O)         1.325     1.325 r  sw_i_IBUF[0]_inst/O
                         net (fo=1, routed)           1.571     2.896    sw_sync/sw_i_IBUF[0]
    SLICE_X65Y78         FDRE                                         r  sw_sync/data_q_reg[0]/D
  -------------------------------------------------------------------    -------------------

                         (clock clk rise edge)        0.000     0.000 r  
    N15                                               0.000     0.000 r  clk (IN)
                         net (fo=0)                   0.000     0.000    clk
    N15                  IBUF (Prop_ibuf_I_O)         1.370     1.370 r  clk_IBUF_inst/O
                         net (fo=1, routed)           1.868     3.238    clk_IBUF
    BUFGCTRL_X0Y0        BUFG (Prop_bufg_I_O)         0.091     3.329 r  clk_IBUF_BUFG_inst/O
                         net (fo=90, routed)          1.497     4.826    sw_sync/clk_IBUF_BUFG
    SLICE_X65Y78         FDRE                                         r  sw_sync/data_q_reg[0]/C

Slack:                    inf
  Source:                 reset
                            (input port)
  Destination:            button_sync[1]/ff1_reg/D
                            (rising edge-triggered cell FDRE clocked by clk  {rise@0.000ns fall@5.000ns period=10.000ns})
  Path Group:             (none)
  Path Type:              Setup (Max at Slow Process Corner)
  Data Path Delay:        2.845ns  (logic 1.322ns (46.442%)  route 1.524ns (53.558%))
  Logic Levels:           1  (IBUF=1)
  Clock Path Skew:        4.827ns (DCD - SCD + CPR)
    Destination Clock Delay (DCD):    4.827ns
    Source Clock Delay      (SCD):    0.000ns
    Clock Pessimism Removal (CPR):    0.000ns
  Clock Uncertainty:      0.025ns  ((TSJ^2 + TIJ^2)^1/2 + DJ) / 2 + PE
    Total System Jitter     (TSJ):    0.050ns
    Total Input Jitter      (TIJ):    0.000ns
    Discrete Jitter          (DJ):    0.000ns
    Phase Error              (PE):    0.000ns

    Location             Delay type                Incr(ns)  Path(ns)    Netlist Resource(s)
  -------------------------------------------------------------------    -------------------
    J1                                                0.000     0.000 r  reset (IN)
                         net (fo=0)                   0.000     0.000    reset
    J1                   IBUF (Prop_ibuf_I_O)         1.322     1.322 r  reset_IBUF_inst/O
                         net (fo=1, routed)           1.524     2.845    button_sync[1]/reset_IBUF
    SLICE_X63Y79         FDRE                                         r  button_sync[1]/ff1_reg/D
  -------------------------------------------------------------------    -------------------

                         (clock clk rise edge)        0.000     0.000 r  
    N15                                               0.000     0.000 r  clk (IN)
                         net (fo=0)                   0.000     0.000    clk
    N15                  IBUF (Prop_ibuf_I_O)         1.370     1.370 r  clk_IBUF_inst/O
                         net (fo=1, routed)           1.868     3.238    clk_IBUF
    BUFGCTRL_X0Y0        BUFG (Prop_bufg_I_O)         0.091     3.329 r  clk_IBUF_BUFG_inst/O
                         net (fo=90, routed)          1.498     4.827    button_sync[1]/clk_IBUF_BUFG
    SLICE_X63Y79         FDRE                                         r  button_sync[1]/ff1_reg/C

Slack:                    inf
  Source:                 sw_i[1]
                            (input port)
  Destination:            sw_sync/data_q_reg[1]/D
                            (rising edge-triggered cell FDRE clocked by clk  {rise@0.000ns fall@5.000ns period=10.000ns})
  Path Group:             (none)
  Path Type:              Setup (Max at Slow Process Corner)
  Data Path Delay:        2.709ns  (logic 1.327ns (48.981%)  route 1.382ns (51.019%))
  Logic Levels:           1  (IBUF=1)
  Clock Path Skew:        4.828ns (DCD - SCD + CPR)
    Destination Clock Delay (DCD):    4.828ns
    Source Clock Delay      (SCD):    0.000ns
    Clock Pessimism Removal (CPR):    0.000ns
  Clock Uncertainty:      0.025ns  ((TSJ^2 + TIJ^2)^1/2 + DJ) / 2 + PE
    Total System Jitter     (TSJ):    0.050ns
    Total Input Jitter      (TIJ):    0.000ns
    Discrete Jitter          (DJ):    0.000ns
    Phase Error              (PE):    0.000ns

    Location             Delay type                Incr(ns)  Path(ns)    Netlist Resource(s)
  -------------------------------------------------------------------    -------------------
    F2                                                0.000     0.000 r  sw_i[1] (IN)
                         net (fo=0)                   0.000     0.000    sw_i[1]
    F2                   IBUF (Prop_ibuf_I_O)         1.327     1.327 r  sw_i_IBUF[1]_inst/O
                         net (fo=1, routed)           1.382     2.709    sw_sync/sw_i_IBUF[1]
    SLICE_X65Y81         FDRE                                         r  sw_sync/data_q_reg[1]/D
  -------------------------------------------------------------------    -------------------

                         (clock clk rise edge)        0.000     0.000 r  
    N15                                               0.000     0.000 r  clk (IN)
                         net (fo=0)                   0.000     0.000    clk
    N15                  IBUF (Prop_ibuf_I_O)         1.370     1.370 r  clk_IBUF_inst/O
                         net (fo=1, routed)           1.868     3.238    clk_IBUF
    BUFGCTRL_X0Y0        BUFG (Prop_bufg_I_O)         0.091     3.329 r  clk_IBUF_BUFG_inst/O
                         net (fo=90, routed)          1.499     4.828    sw_sync/clk_IBUF_BUFG
    SLICE_X65Y81         FDRE                                         r  sw_sync/data_q_reg[1]/C

Slack:                    inf
  Source:                 sw_i[3]
                            (input port)
  Destination:            sw_sync/data_q_reg[3]/D
                            (rising edge-triggered cell FDRE clocked by clk  {rise@0.000ns fall@5.000ns period=10.000ns})
  Path Group:             (none)
  Path Type:              Setup (Max at Slow Process Corner)
  Data Path Delay:        2.673ns  (logic 1.350ns (50.521%)  route 1.322ns (49.479%))
  Logic Levels:           1  (IBUF=1)
  Clock Path Skew:        4.826ns (DCD - SCD + CPR)
    Destination Clock Delay (DCD):    4.826ns
    Source Clock Delay      (SCD):    0.000ns
    Clock Pessimism Removal (CPR):    0.000ns
  Clock Uncertainty:      0.025ns  ((TSJ^2 + TIJ^2)^1/2 + DJ) / 2 + PE
    Total System Jitter     (TSJ):    0.050ns
    Total Input Jitter      (TIJ):    0.000ns
    Discrete Jitter          (DJ):    0.000ns
    Phase Error              (PE):    0.000ns

    Location             Delay type                Incr(ns)  Path(ns)    Netlist Resource(s)
  -------------------------------------------------------------------    -------------------
    E2                                                0.000     0.000 r  sw_i[3] (IN)
                         net (fo=0)                   0.000     0.000    sw_i[3]
    E2                   IBUF (Prop_ibuf_I_O)         1.350     1.350 r  sw_i_IBUF[3]_inst/O
                         net (fo=1, routed)           1.322     2.673    sw_sync/sw_i_IBUF[3]
    SLICE_X65Y78         FDRE                                         r  sw_sync/data_q_reg[3]/D
  -------------------------------------------------------------------    -------------------

                         (clock clk rise edge)        0.000     0.000 r  
    N15                                               0.000     0.000 r  clk (IN)
                         net (fo=0)                   0.000     0.000    clk
    N15                  IBUF (Prop_ibuf_I_O)         1.370     1.370 r  clk_IBUF_inst/O
                         net (fo=1, routed)           1.868     3.238    clk_IBUF
    BUFGCTRL_X0Y0        BUFG (Prop_bufg_I_O)         0.091     3.329 r  clk_IBUF_BUFG_inst/O
                         net (fo=90, routed)          1.497     4.826    sw_sync/clk_IBUF_BUFG
    SLICE_X65Y78         FDRE                                         r  sw_sync/data_q_reg[3]/C

Slack:                    inf
  Source:                 sw_i[13]
                            (input port)
  Destination:            sw_sync/data_q_reg[13]/D
                            (rising edge-triggered cell FDRE clocked by clk  {rise@0.000ns fall@5.000ns period=10.000ns})
  Path Group:             (none)
  Path Type:              Setup (Max at Slow Process Corner)
  Data Path Delay:        2.661ns  (logic 1.340ns (50.363%)  route 1.321ns (49.637%))
  Logic Levels:           1  (IBUF=1)
  Clock Path Skew:        4.834ns (DCD - SCD + CPR)
    Destination Clock Delay (DCD):    4.834ns
    Source Clock Delay      (SCD):    0.000ns
    Clock Pessimism Removal (CPR):    0.000ns
  Clock Uncertainty:      0.025ns  ((TSJ^2 + TIJ^2)^1/2 + DJ) / 2 + PE
    Total System Jitter     (TSJ):    0.050ns
    Total Input Jitter      (TIJ):    0.000ns
    Discrete Jitter          (DJ):    0.000ns
    Phase Error              (PE):    0.000ns

    Location             Delay type                Incr(ns)  Path(ns)    Netlist Resource(s)
  -------------------------------------------------------------------    -------------------
    A7                                                0.000     0.000 r  sw_i[13] (IN)
                         net (fo=0)                   0.000     0.000    sw_i[13]
    A7                   IBUF (Prop_ibuf_I_O)         1.340     1.340 r  sw_i_IBUF[13]_inst/O
                         net (fo=1, routed)           1.321     2.661    sw_sync/sw_i_IBUF[13]
    SLICE_X64Y87         FDRE                                         r  sw_sync/data_q_reg[13]/D
  -------------------------------------------------------------------    -------------------

                         (clock clk rise edge)        0.000     0.000 r  
    N15                                               0.000     0.000 r  clk (IN)
                         net (fo=0)                   0.000     0.000    clk
    N15                  IBUF (Prop_ibuf_I_O)         1.370     1.370 r  clk_IBUF_inst/O
                         net (fo=1, routed)           1.868     3.238    clk_IBUF
    BUFGCTRL_X0Y0        BUFG (Prop_bufg_I_O)         0.091     3.329 r  clk_IBUF_BUFG_inst/O
                         net (fo=90, routed)          1.505     4.834    sw_sync/clk_IBUF_BUFG
    SLICE_X64Y87         FDRE                                         r  sw_sync/data_q_reg[13]/C

Slack:                    inf
  Source:                 sw_i[6]
                            (input port)
  Destination:            sw_sync/data_q_reg[6]/D
                            (rising edge-triggered cell FDRE clocked by clk  {rise@0.000ns fall@5.000ns period=10.000ns})
  Path Group:             (none)
  Path Type:              Setup (Max at Slow Process Corner)
  Data Path Delay:        2.648ns  (logic 1.326ns (50.062%)  route 1.322ns (49.938%))
  Logic Levels:           1  (IBUF=1)
  Clock Path Skew:        4.831ns (DCD - SCD + CPR)
    Destination Clock Delay (DCD):    4.831ns
    Source Clock Delay      (SCD):    0.000ns
    Clock Pessimism Removal (CPR):    0.000ns
  Clock Uncertainty:      0.025ns  ((TSJ^2 + TIJ^2)^1/2 + DJ) / 2 + PE
    Total System Jitter     (TSJ):    0.050ns
    Total Input Jitter      (TIJ):    0.000ns
    Discrete Jitter          (DJ):    0.000ns
    Phase Error              (PE):    0.000ns

    Location             Delay type                Incr(ns)  Path(ns)    Netlist Resource(s)
  -------------------------------------------------------------------    -------------------
    D1                                                0.000     0.000 r  sw_i[6] (IN)
                         net (fo=0)                   0.000     0.000    sw_i[6]
    D1                   IBUF (Prop_ibuf_I_O)         1.326     1.326 r  sw_i_IBUF[6]_inst/O
                         net (fo=1, routed)           1.322     2.648    sw_sync/sw_i_IBUF[6]
    SLICE_X64Y83         FDRE                                         r  sw_sync/data_q_reg[6]/D
  -------------------------------------------------------------------    -------------------

                         (clock clk rise edge)        0.000     0.000 r  
    N15                                               0.000     0.000 r  clk (IN)
                         net (fo=0)                   0.000     0.000    clk
    N15                  IBUF (Prop_ibuf_I_O)         1.370     1.370 r  clk_IBUF_inst/O
                         net (fo=1, routed)           1.868     3.238    clk_IBUF
    BUFGCTRL_X0Y0        BUFG (Prop_bufg_I_O)         0.091     3.329 r  clk_IBUF_BUFG_inst/O
                         net (fo=90, routed)          1.502     4.831    sw_sync/clk_IBUF_BUFG
    SLICE_X64Y83         FDRE                                         r  sw_sync/data_q_reg[6]/C

Slack:                    inf
  Source:                 sw_i[5]
                            (input port)
  Destination:            sw_sync/data_q_reg[5]/D
                            (rising edge-triggered cell FDRE clocked by clk  {rise@0.000ns fall@5.000ns period=10.000ns})
  Path Group:             (none)
  Path Type:              Setup (Max at Slow Process Corner)
  Data Path Delay:        2.520ns  (logic 1.349ns (53.542%)  route 1.171ns (46.458%))
  Logic Levels:           1  (IBUF=1)
  Clock Path Skew:        4.827ns (DCD - SCD + CPR)
    Destination Clock Delay (DCD):    4.827ns
    Source Clock Delay      (SCD):    0.000ns
    Clock Pessimism Removal (CPR):    0.000ns
  Clock Uncertainty:      0.025ns  ((TSJ^2 + TIJ^2)^1/2 + DJ) / 2 + PE
    Total System Jitter     (TSJ):    0.050ns
    Total Input Jitter      (TIJ):    0.000ns
    Discrete Jitter          (DJ):    0.000ns
    Phase Error              (PE):    0.000ns

    Location             Delay type                Incr(ns)  Path(ns)    Netlist Resource(s)
  -------------------------------------------------------------------    -------------------
    D2                                                0.000     0.000 r  sw_i[5] (IN)
                         net (fo=0)                   0.000     0.000    sw_i[5]
    D2                   IBUF (Prop_ibuf_I_O)         1.349     1.349 r  sw_i_IBUF[5]_inst/O
                         net (fo=1, routed)           1.171     2.520    sw_sync/sw_i_IBUF[5]
    SLICE_X65Y79         FDRE                                         r  sw_sync/data_q_reg[5]/D
  -------------------------------------------------------------------    -------------------

                         (clock clk rise edge)        0.000     0.000 r  
    N15                                               0.000     0.000 r  clk (IN)
                         net (fo=0)                   0.000     0.000    clk
    N15                  IBUF (Prop_ibuf_I_O)         1.370     1.370 r  clk_IBUF_inst/O
                         net (fo=1, routed)           1.868     3.238    clk_IBUF
    BUFGCTRL_X0Y0        BUFG (Prop_bufg_I_O)         0.091     3.329 r  clk_IBUF_BUFG_inst/O
                         net (fo=90, routed)          1.498     4.827    sw_sync/clk_IBUF_BUFG
    SLICE_X65Y79         FDRE                                         r  sw_sync/data_q_reg[5]/C

Slack:                    inf
  Source:                 sw_i[15]
                            (input port)
  Destination:            sw_sync/data_q_reg[15]/D
                            (rising edge-triggered cell FDRE clocked by clk  {rise@0.000ns fall@5.000ns period=10.000ns})
  Path Group:             (none)
  Path Type:              Setup (Max at Slow Process Corner)
  Data Path Delay:        2.501ns  (logic 1.340ns (53.561%)  route 1.161ns (46.439%))
  Logic Levels:           1  (IBUF=1)
  Clock Path Skew:        4.834ns (DCD - SCD + CPR)
    Destination Clock Delay (DCD):    4.834ns
    Source Clock Delay      (SCD):    0.000ns
    Clock Pessimism Removal (CPR):    0.000ns
  Clock Uncertainty:      0.025ns  ((TSJ^2 + TIJ^2)^1/2 + DJ) / 2 + PE
    Total System Jitter     (TSJ):    0.050ns
    Total Input Jitter      (TIJ):    0.000ns
    Discrete Jitter          (DJ):    0.000ns
    Phase Error              (PE):    0.000ns

    Location             Delay type                Incr(ns)  Path(ns)    Netlist Resource(s)
  -------------------------------------------------------------------    -------------------
    A8                                                0.000     0.000 r  sw_i[15] (IN)
                         net (fo=0)                   0.000     0.000    sw_i[15]
    A8                   IBUF (Prop_ibuf_I_O)         1.340     1.340 r  sw_i_IBUF[15]_inst/O
                         net (fo=1, routed)           1.161     2.501    sw_sync/sw_i_IBUF[15]
    SLICE_X64Y87         FDRE                                         r  sw_sync/data_q_reg[15]/D
  -------------------------------------------------------------------    -------------------

                         (clock clk rise edge)        0.000     0.000 r  
    N15                                               0.000     0.000 r  clk (IN)
                         net (fo=0)                   0.000     0.000    clk
    N15                  IBUF (Prop_ibuf_I_O)         1.370     1.370 r  clk_IBUF_inst/O
                         net (fo=1, routed)           1.868     3.238    clk_IBUF
    BUFGCTRL_X0Y0        BUFG (Prop_bufg_I_O)         0.091     3.329 r  clk_IBUF_BUFG_inst/O
                         net (fo=90, routed)          1.505     4.834    sw_sync/clk_IBUF_BUFG
    SLICE_X64Y87         FDRE                                         r  sw_sync/data_q_reg[15]/C





Min Delay Paths
--------------------------------------------------------------------------------------
Slack:                    inf
  Source:                 sw_i[10]
                            (input port)
  Destination:            sw_sync/data_q_reg[10]/D
                            (rising edge-triggered cell FDRE clocked by clk  {rise@0.000ns fall@5.000ns period=10.000ns})
  Path Group:             (none)
  Path Type:              Hold (Min at Fast Process Corner)
  Data Path Delay:        0.775ns  (logic 0.425ns (54.839%)  route 0.350ns (45.161%))
  Logic Levels:           1  (IBUF=1)
  Clock Path Skew:        1.970ns (DCD - SCD - CPR)
    Destination Clock Delay (DCD):    1.970ns
    Source Clock Delay      (SCD):    0.000ns
    Clock Pessimism Removal (CPR):    -0.000ns

    Location             Delay type                Incr(ns)  Path(ns)    Netlist Resource(s)
  -------------------------------------------------------------------    -------------------
    A5                                                0.000     0.000 r  sw_i[10] (IN)
                         net (fo=0)                   0.000     0.000    sw_i[10]
    A5                   IBUF (Prop_ibuf_I_O)         0.425     0.425 r  sw_i_IBUF[10]_inst/O
                         net (fo=1, routed)           0.350     0.775    sw_sync/sw_i_IBUF[10]
    SLICE_X65Y83         FDRE                                         r  sw_sync/data_q_reg[10]/D
  -------------------------------------------------------------------    -------------------

                         (clock clk rise edge)        0.000     0.000 r  
    N15                                               0.000     0.000 r  clk (IN)
                         net (fo=0)                   0.000     0.000    clk
    N15                  IBUF (Prop_ibuf_I_O)         0.396     0.396 r  clk_IBUF_inst/O
                         net (fo=1, routed)           0.689     1.085    clk_IBUF
    BUFGCTRL_X0Y0        BUFG (Prop_bufg_I_O)         0.029     1.114 r  clk_IBUF_BUFG_inst/O
                         net (fo=90, routed)          0.856     1.970    sw_sync/clk_IBUF_BUFG
    SLICE_X65Y83         FDRE                                         r  sw_sync/data_q_reg[10]/C

Slack:                    inf
  Source:                 sw_i[12]
                            (input port)
  Destination:            sw_sync/data_q_reg[12]/D
                            (rising edge-triggered cell FDRE clocked by clk  {rise@0.000ns fall@5.000ns period=10.000ns})
  Path Group:             (none)
  Path Type:              Hold (Min at Fast Process Corner)
  Data Path Delay:        0.791ns  (logic 0.410ns (51.789%)  route 0.381ns (48.211%))
  Logic Levels:           1  (IBUF=1)
  Clock Path Skew:        1.973ns (DCD - SCD - CPR)
    Destination Clock Delay (DCD):    1.973ns
    Source Clock Delay      (SCD):    0.000ns
    Clock Pessimism Removal (CPR):    -0.000ns

    Location             Delay type                Incr(ns)  Path(ns)    Netlist Resource(s)
  -------------------------------------------------------------------    -------------------
    C7                                                0.000     0.000 r  sw_i[12] (IN)
                         net (fo=0)                   0.000     0.000    sw_i[12]
    C7                   IBUF (Prop_ibuf_I_O)         0.410     0.410 r  sw_i_IBUF[12]_inst/O
                         net (fo=1, routed)           0.381     0.791    sw_sync/sw_i_IBUF[12]
    SLICE_X64Y87         FDRE                                         r  sw_sync/data_q_reg[12]/D
  -------------------------------------------------------------------    -------------------

                         (clock clk rise edge)        0.000     0.000 r  
    N15                                               0.000     0.000 r  clk (IN)
                         net (fo=0)                   0.000     0.000    clk
    N15                  IBUF (Prop_ibuf_I_O)         0.396     0.396 r  clk_IBUF_inst/O
                         net (fo=1, routed)           0.689     1.085    clk_IBUF
    BUFGCTRL_X0Y0        BUFG (Prop_bufg_I_O)         0.029     1.114 r  clk_IBUF_BUFG_inst/O
                         net (fo=90, routed)          0.859     1.973    sw_sync/clk_IBUF_BUFG
    SLICE_X64Y87         FDRE                                         r  sw_sync/data_q_reg[12]/C

Slack:                    inf
  Source:                 sw_i[11]
                            (input port)
  Destination:            sw_sync/data_q_reg[11]/D
                            (rising edge-triggered cell FDRE clocked by clk  {rise@0.000ns fall@5.000ns period=10.000ns})
  Path Group:             (none)
  Path Type:              Hold (Min at Fast Process Corner)
  Data Path Delay:        0.791ns  (logic 0.420ns (53.128%)  route 0.371ns (46.872%))
  Logic Levels:           1  (IBUF=1)
  Clock Path Skew:        1.972ns (DCD - SCD - CPR)
    Destination Clock Delay (DCD):    1.972ns
    Source Clock Delay      (SCD):    0.000ns
    Clock Pessimism Removal (CPR):    -0.000ns

    Location             Delay type                Incr(ns)  Path(ns)    Netlist Resource(s)
  -------------------------------------------------------------------    -------------------
    A6                                                0.000     0.000 r  sw_i[11] (IN)
                         net (fo=0)                   0.000     0.000    sw_i[11]
    A6                   IBUF (Prop_ibuf_I_O)         0.420     0.420 r  sw_i_IBUF[11]_inst/O
                         net (fo=1, routed)           0.371     0.791    sw_sync/sw_i_IBUF[11]
    SLICE_X65Y86         FDRE                                         r  sw_sync/data_q_reg[11]/D
  -------------------------------------------------------------------    -------------------

                         (clock clk rise edge)        0.000     0.000 r  
    N15                                               0.000     0.000 r  clk (IN)
                         net (fo=0)                   0.000     0.000    clk
    N15                  IBUF (Prop_ibuf_I_O)         0.396     0.396 r  clk_IBUF_inst/O
                         net (fo=1, routed)           0.689     1.085    clk_IBUF
    BUFGCTRL_X0Y0        BUFG (Prop_bufg_I_O)         0.029     1.114 r  clk_IBUF_BUFG_inst/O
                         net (fo=90, routed)          0.858     1.972    sw_sync/clk_IBUF_BUFG
    SLICE_X65Y86         FDRE                                         r  sw_sync/data_q_reg[11]/C

Slack:                    inf
  Source:                 sw_i[7]
                            (input port)
  Destination:            sw_sync/data_q_reg[7]/D
                            (rising edge-triggered cell FDRE clocked by clk  {rise@0.000ns fall@5.000ns period=10.000ns})
  Path Group:             (none)
  Path Type:              Hold (Min at Fast Process Corner)
  Data Path Delay:        0.806ns  (logic 0.413ns (51.245%)  route 0.393ns (48.755%))
  Logic Levels:           1  (IBUF=1)
  Clock Path Skew:        1.966ns (DCD - SCD - CPR)
    Destination Clock Delay (DCD):    1.966ns
    Source Clock Delay      (SCD):    0.000ns
    Clock Pessimism Removal (CPR):    -0.000ns

    Location             Delay type                Incr(ns)  Path(ns)    Netlist Resource(s)
  -------------------------------------------------------------------    -------------------
    C2                                                0.000     0.000 r  sw_i[7] (IN)
                         net (fo=0)                   0.000     0.000    sw_i[7]
    C2                   IBUF (Prop_ibuf_I_O)         0.413     0.413 r  sw_i_IBUF[7]_inst/O
                         net (fo=1, routed)           0.393     0.806    sw_sync/sw_i_IBUF[7]
    SLICE_X65Y79         FDRE                                         r  sw_sync/data_q_reg[7]/D
  -------------------------------------------------------------------    -------------------

                         (clock clk rise edge)        0.000     0.000 r  
    N15                                               0.000     0.000 r  clk (IN)
                         net (fo=0)                   0.000     0.000    clk
    N15                  IBUF (Prop_ibuf_I_O)         0.396     0.396 r  clk_IBUF_inst/O
                         net (fo=1, routed)           0.689     1.085    clk_IBUF
    BUFGCTRL_X0Y0        BUFG (Prop_bufg_I_O)         0.029     1.114 r  clk_IBUF_BUFG_inst/O
                         net (fo=90, routed)          0.852     1.966    sw_sync/clk_IBUF_BUFG
    SLICE_X65Y79         FDRE                                         r  sw_sync/data_q_reg[7]/C

Slack:                    inf
  Source:                 sw_i[9]
                            (input port)
  Destination:            sw_sync/data_q_reg[9]/D
                            (rising edge-triggered cell FDRE clocked by clk  {rise@0.000ns fall@5.000ns period=10.000ns})
  Path Group:             (none)
  Path Type:              Hold (Min at Fast Process Corner)
  Data Path Delay:        0.823ns  (logic 0.424ns (51.558%)  route 0.399ns (48.442%))
  Logic Levels:           1  (IBUF=1)
  Clock Path Skew:        1.970ns (DCD - SCD - CPR)
    Destination Clock Delay (DCD):    1.970ns
    Source Clock Delay      (SCD):    0.000ns
    Clock Pessimism Removal (CPR):    -0.000ns

    Location             Delay type                Incr(ns)  Path(ns)    Netlist Resource(s)
  -------------------------------------------------------------------    -------------------
    A4                                                0.000     0.000 r  sw_i[9] (IN)
                         net (fo=0)                   0.000     0.000    sw_i[9]
    A4                   IBUF (Prop_ibuf_I_O)         0.424     0.424 r  sw_i_IBUF[9]_inst/O
                         net (fo=1, routed)           0.399     0.823    sw_sync/sw_i_IBUF[9]
    SLICE_X65Y83         FDRE                                         r  sw_sync/data_q_reg[9]/D
  -------------------------------------------------------------------    -------------------

                         (clock clk rise edge)        0.000     0.000 r  
    N15                                               0.000     0.000 r  clk (IN)
                         net (fo=0)                   0.000     0.000    clk
    N15                  IBUF (Prop_ibuf_I_O)         0.396     0.396 r  clk_IBUF_inst/O
                         net (fo=1, routed)           0.689     1.085    clk_IBUF
    BUFGCTRL_X0Y0        BUFG (Prop_bufg_I_O)         0.029     1.114 r  clk_IBUF_BUFG_inst/O
                         net (fo=90, routed)          0.856     1.970    sw_sync/clk_IBUF_BUFG
    SLICE_X65Y83         FDRE                                         r  sw_sync/data_q_reg[9]/C

Slack:                    inf
  Source:                 sw_i[8]
                            (input port)
  Destination:            sw_sync/data_q_reg[8]/D
                            (rising edge-triggered cell FDRE clocked by clk  {rise@0.000ns fall@5.000ns period=10.000ns})
  Path Group:             (none)
  Path Type:              Hold (Min at Fast Process Corner)
  Data Path Delay:        0.839ns  (logic 0.415ns (49.483%)  route 0.424ns (50.517%))
  Logic Levels:           1  (IBUF=1)
  Clock Path Skew:        1.970ns (DCD - SCD - CPR)
    Destination Clock Delay (DCD):    1.970ns
    Source Clock Delay      (SCD):    0.000ns
    Clock Pessimism Removal (CPR):    -0.000ns

    Location             Delay type                Incr(ns)  Path(ns)    Netlist Resource(s)
  -------------------------------------------------------------------    -------------------
    B2                                                0.000     0.000 r  sw_i[8] (IN)
                         net (fo=0)                   0.000     0.000    sw_i[8]
    B2                   IBUF (Prop_ibuf_I_O)         0.415     0.415 r  sw_i_IBUF[8]_inst/O
                         net (fo=1, routed)           0.424     0.839    sw_sync/sw_i_IBUF[8]
    SLICE_X65Y83         FDRE                                         r  sw_sync/data_q_reg[8]/D
  -------------------------------------------------------------------    -------------------

                         (clock clk rise edge)        0.000     0.000 r  
    N15                                               0.000     0.000 r  clk (IN)
                         net (fo=0)                   0.000     0.000    clk
    N15                  IBUF (Prop_ibuf_I_O)         0.396     0.396 r  clk_IBUF_inst/O
                         net (fo=1, routed)           0.689     1.085    clk_IBUF
    BUFGCTRL_X0Y0        BUFG (Prop_bufg_I_O)         0.029     1.114 r  clk_IBUF_BUFG_inst/O
                         net (fo=90, routed)          0.856     1.970    sw_sync/clk_IBUF_BUFG
    SLICE_X65Y83         FDRE                                         r  sw_sync/data_q_reg[8]/C

Slack:                    inf
  Source:                 sw_i[14]
                            (input port)
  Destination:            sw_sync/data_q_reg[14]/D
                            (rising edge-triggered cell FDRE clocked by clk  {rise@0.000ns fall@5.000ns period=10.000ns})
  Path Group:             (none)
  Path Type:              Hold (Min at Fast Process Corner)
  Data Path Delay:        0.855ns  (logic 0.422ns (49.352%)  route 0.433ns (50.648%))
  Logic Levels:           1  (IBUF=1)
  Clock Path Skew:        1.973ns (DCD - SCD - CPR)
    Destination Clock Delay (DCD):    1.973ns
    Source Clock Delay      (SCD):    0.000ns
    Clock Pessimism Removal (CPR):    -0.000ns

    Location             Delay type                Incr(ns)  Path(ns)    Netlist Resource(s)
  -------------------------------------------------------------------    -------------------
    B7                                                0.000     0.000 r  sw_i[14] (IN)
                         net (fo=0)                   0.000     0.000    sw_i[14]
    B7                   IBUF (Prop_ibuf_I_O)         0.422     0.422 r  sw_i_IBUF[14]_inst/O
                         net (fo=1, routed)           0.433     0.855    sw_sync/sw_i_IBUF[14]
    SLICE_X64Y87         FDRE                                         r  sw_sync/data_q_reg[14]/D
  -------------------------------------------------------------------    -------------------

                         (clock clk rise edge)        0.000     0.000 r  
    N15                                               0.000     0.000 r  clk (IN)
                         net (fo=0)                   0.000     0.000    clk
    N15                  IBUF (Prop_ibuf_I_O)         0.396     0.396 r  clk_IBUF_inst/O
                         net (fo=1, routed)           0.689     1.085    clk_IBUF
    BUFGCTRL_X0Y0        BUFG (Prop_bufg_I_O)         0.029     1.114 r  clk_IBUF_BUFG_inst/O
                         net (fo=90, routed)          0.859     1.973    sw_sync/clk_IBUF_BUFG
    SLICE_X64Y87         FDRE                                         r  sw_sync/data_q_reg[14]/C

Slack:                    inf
  Source:                 sw_i[15]
                            (input port)
  Destination:            sw_sync/data_q_reg[15]/D
                            (rising edge-triggered cell FDRE clocked by clk  {rise@0.000ns fall@5.000ns period=10.000ns})
  Path Group:             (none)
  Path Type:              Hold (Min at Fast Process Corner)
  Data Path Delay:        0.884ns  (logic 0.416ns (47.113%)  route 0.467ns (52.887%))
  Logic Levels:           1  (IBUF=1)
  Clock Path Skew:        1.973ns (DCD - SCD - CPR)
    Destination Clock Delay (DCD):    1.973ns
    Source Clock Delay      (SCD):    0.000ns
    Clock Pessimism Removal (CPR):    -0.000ns

    Location             Delay type                Incr(ns)  Path(ns)    Netlist Resource(s)
  -------------------------------------------------------------------    -------------------
    A8                                                0.000     0.000 r  sw_i[15] (IN)
                         net (fo=0)                   0.000     0.000    sw_i[15]
    A8                   IBUF (Prop_ibuf_I_O)         0.416     0.416 r  sw_i_IBUF[15]_inst/O
                         net (fo=1, routed)           0.467     0.884    sw_sync/sw_i_IBUF[15]
    SLICE_X64Y87         FDRE                                         r  sw_sync/data_q_reg[15]/D
  -------------------------------------------------------------------    -------------------

                         (clock clk rise edge)        0.000     0.000 r  
    N15                                               0.000     0.000 r  clk (IN)
                         net (fo=0)                   0.000     0.000    clk
    N15                  IBUF (Prop_ibuf_I_O)         0.396     0.396 r  clk_IBUF_inst/O
                         net (fo=1, routed)           0.689     1.085    clk_IBUF
    BUFGCTRL_X0Y0        BUFG (Prop_bufg_I_O)         0.029     1.114 r  clk_IBUF_BUFG_inst/O
                         net (fo=90, routed)          0.859     1.973    sw_sync/clk_IBUF_BUFG
    SLICE_X64Y87         FDRE                                         r  sw_sync/data_q_reg[15]/C

Slack:                    inf
  Source:                 sw_i[4]
                            (input port)
  Destination:            sw_sync/data_q_reg[4]/D
                            (rising edge-triggered cell FDRE clocked by clk  {rise@0.000ns fall@5.000ns period=10.000ns})
  Path Group:             (none)
  Path Type:              Hold (Min at Fast Process Corner)
  Data Path Delay:        0.890ns  (logic 0.402ns (45.124%)  route 0.488ns (54.876%))
  Logic Levels:           1  (IBUF=1)
  Clock Path Skew:        1.970ns (DCD - SCD - CPR)
    Destination Clock Delay (DCD):    1.970ns
    Source Clock Delay      (SCD):    0.000ns
    Clock Pessimism Removal (CPR):    -0.000ns

    Location             Delay type                Incr(ns)  Path(ns)    Netlist Resource(s)
  -------------------------------------------------------------------    -------------------
    E1                                                0.000     0.000 r  sw_i[4] (IN)
                         net (fo=0)                   0.000     0.000    sw_i[4]
    E1                   IBUF (Prop_ibuf_I_O)         0.402     0.402 r  sw_i_IBUF[4]_inst/O
                         net (fo=1, routed)           0.488     0.890    sw_sync/sw_i_IBUF[4]
    SLICE_X64Y83         FDRE                                         r  sw_sync/data_q_reg[4]/D
  -------------------------------------------------------------------    -------------------

                         (clock clk rise edge)        0.000     0.000 r  
    N15                                               0.000     0.000 r  clk (IN)
                         net (fo=0)                   0.000     0.000    clk
    N15                  IBUF (Prop_ibuf_I_O)         0.396     0.396 r  clk_IBUF_inst/O
                         net (fo=1, routed)           0.689     1.085    clk_IBUF
    BUFGCTRL_X0Y0        BUFG (Prop_bufg_I_O)         0.029     1.114 r  clk_IBUF_BUFG_inst/O
                         net (fo=90, routed)          0.856     1.970    sw_sync/clk_IBUF_BUFG
    SLICE_X64Y83         FDRE                                         r  sw_sync/data_q_reg[4]/C

Slack:                    inf
  Source:                 sw_i[5]
                            (input port)
  Destination:            sw_sync/data_q_reg[5]/D
                            (rising edge-triggered cell FDRE clocked by clk  {rise@0.000ns fall@5.000ns period=10.000ns})
  Path Group:             (none)
  Path Type:              Hold (Min at Fast Process Corner)
  Data Path Delay:        0.918ns  (logic 0.426ns (46.420%)  route 0.492ns (53.580%))
  Logic Levels:           1  (IBUF=1)
  Clock Path Skew:        1.966ns (DCD - SCD - CPR)
    Destination Clock Delay (DCD):    1.966ns
    Source Clock Delay      (SCD):    0.000ns
    Clock Pessimism Removal (CPR):    -0.000ns

    Location             Delay type                Incr(ns)  Path(ns)    Netlist Resource(s)
  -------------------------------------------------------------------    -------------------
    D2                                                0.000     0.000 r  sw_i[5] (IN)
                         net (fo=0)                   0.000     0.000    sw_i[5]
    D2                   IBUF (Prop_ibuf_I_O)         0.426     0.426 r  sw_i_IBUF[5]_inst/O
                         net (fo=1, routed)           0.492     0.918    sw_sync/sw_i_IBUF[5]
    SLICE_X65Y79         FDRE                                         r  sw_sync/data_q_reg[5]/D
  -------------------------------------------------------------------    -------------------

                         (clock clk rise edge)        0.000     0.000 r  
    N15                                               0.000     0.000 r  clk (IN)
                         net (fo=0)                   0.000     0.000    clk
    N15                  IBUF (Prop_ibuf_I_O)         0.396     0.396 r  clk_IBUF_inst/O
                         net (fo=1, routed)           0.689     1.085    clk_IBUF
    BUFGCTRL_X0Y0        BUFG (Prop_bufg_I_O)         0.029     1.114 r  clk_IBUF_BUFG_inst/O
                         net (fo=90, routed)          0.852     1.966    sw_sync/clk_IBUF_BUFG
    SLICE_X65Y79         FDRE                                         r  sw_sync/data_q_reg[5]/C





